"Timestamp","Age","Gender","Country","state","self_employed","family_history","treatment","work_interfere","no_employees","remote_work","tech_company","benefits","care_options","wellness_program","seek_help","anonymity","leave","mental_health_consequence","phys_health_consequence","coworkers","supervisor","mental_health_interview","phys_health_interview","mental_vs_physical","obs_consequence","comments"
2014-08-27 15:32:19,26,"M","Uruguay",NA,"No","No","No",NA,"26-100","Yes","Yes","Don't know","No","Don't know","No","Don't know","Don't know","No","No","Some of them","No","No","Yes","Don't know","No",NA
2014-08-27 15:32:43,28,"Male","New Zealand",NA,"No","Yes","Yes","Sometimes","6-25","Yes","Yes","Yes","Yes","Yes","No","Don't know","Very easy","No","No","Yes","Yes","Yes","Yes","Yes","No",NA
2014-08-27 15:34:23,32,"Male","United Kingdom",NA,"No","Yes","Yes","Sometimes","6-25","No","Yes","No","No","No","Don't know","Don't know","Somewhat easy","No","No","Some of them","Yes","No","No","Don't know","No",NA
2014-08-27 15:34:31,28,"Female","United States","NY","No","No","Yes","Rarely","More than 1000","No","No","Yes","Yes","No","Don't know","Don't know","Don't know","Maybe","No","No","No","No","No","Don't know","No",NA
2014-08-27 15:34:32,21,"M","United States","CA","No","No","No","Sometimes","6-25","No","No","Don't know","Not sure","No","Yes","Yes","Don't know","No","No","Some of them","Some of them","Maybe","Maybe","Yes","No",NA
2014-08-27 15:35:21,24,"Male","United States","TX","No","Yes","Yes","Sometimes","100-500","No","Yes","No","Yes","No","No","Don't know","Somewhat difficult","Yes","No","Some of them","Some of them","No","Maybe","No","Yes",NA
2014-08-27 15:35:37,26,"Female","United States","MD","No","No","No",NA,"More than 1000","No","No","Yes","Not sure","Yes","Don't know","Don't know","Don't know","Maybe","No","Some of them","No","No","No","Don't know","No",NA
2014-08-27 15:35:50,23,"Male","United States","IN","No","No","No",NA,"More than 1000","No","No","Yes","No","No","No","Don't know","Don't know","No","No","Yes","No","No","Yes","Don't know","No",NA
2014-08-27 15:36:13,24,"Female","United States","OR","No","No","No",NA,"More than 1000","No","Yes","Yes","Yes","Yes","Yes","Yes","Somewhat easy","No","No","Some of them","Some of them","Yes","Yes","Yes","No",NA
2014-08-27 15:36:41,28,"Male","Canada",NA,"Yes","No","No","Never","100-500","Yes","Yes","Don't know","No","No","No","Don't know","Somewhat easy","Maybe","No","Some of them","Yes","No","No","Yes","No",NA
2014-08-27 15:38:07,24,"F","United States","NY","No","Yes","Yes","Rarely","6-25","No","Yes","No","No","No","No","Don't know","Very easy","Yes","No","No","Some of them","No","Yes","Yes","No",NA
2014-08-27 15:38:27,33,"male","United States","MS","Yes","No","Yes","Often","1-5","Yes","Yes","No","No","No","No","Yes","Somewhat easy","Yes","Maybe","Some of them","Some of them","Yes","Yes","Don't know","No",NA
2014-08-27 15:38:31,34,"male","United States","NJ","No","No","No","Sometimes","26-100","No","Yes","Don't know","No","No","No","Don't know","Don't know","Maybe","No","Yes","Yes","No","Maybe","Don't know","No",NA
2014-08-27 15:38:32,27,"female","United States","CA","No","No","Yes","Sometimes","26-100","No","Yes","Don't know","Not sure","No","No","Don't know","Somewhat difficult","Maybe","Maybe","Some of them","Some of them","No","No","Don't know","No","I talked to a psychiatrist once about taking medical leave for mental health issues with his referral. He was willing to help but warned me that I may not want to as he's seen that sort of thing follow people throughout their tech careers (word gets out even if it's confidential at work). I've been terrified of bringing mental health up anywhere that coworkers or potential employers could see ever since."
2014-08-27 15:38:37,28,"Male","United States","TN","No","No","No","Never","6-25","No","Yes","Don't know","No","No","Don't know","Don't know","Don't know","No","No","Some of them","Yes","No","No","Don't know","No",NA
2014-08-27 15:39:31,26,"Male","United States","WA","No","No","No",NA,"More than 1000","No","Yes","Don't know","Not sure","Don't know","Don't know","Don't know","Don't know","No","No","Some of them","Yes","No","No","Don't know","Yes",NA
2014-08-27 15:40:03,20,"Male","Australia",NA,"No","No","No",NA,"100-500","Yes","Yes","Don't know","Not sure","Don't know","Don't know","Yes","Very easy","No","No","Some of them","Yes","No","No","Don't know","No",NA
2014-08-27 15:43:17,23,"female","United States","MA","No","No","Yes","Sometimes","26-100","No","Yes","Yes","Yes","No","Don't know","Don't know","Don't know","Maybe","No","Some of them","No","No","Maybe","Don't know","No",NA
2014-08-27 15:43:27,29,"Male","United States","PA","No","Yes","Yes","Rarely","1-5","Yes","Yes","Yes","Yes","Yes","Yes","Yes","Somewhat easy","No","No","Yes","Yes","Maybe","Maybe","Yes","No",NA
2014-08-27 15:43:30,26,"Male","United Kingdom",NA,"No","Yes","No","Sometimes","6-25","No","Yes","No","No","No","No","Don't know","Don't know","Maybe","Maybe","No","No","No","Maybe","No","No",NA
2014-08-27 15:43:45,36,"Male","United States","KY","No","No","No","Rarely","More than 1000","Yes","Yes","Yes","No","Yes","Don't know","Don't know","Somewhat easy","Maybe","No","No","No","No","No","Don't know","No",NA
2014-08-27 15:44:16,41,"m","United States","PA","No","No","Yes","Sometimes","More than 1000","No","Yes","Yes","Yes","Yes","Yes","Yes","Don't know","Maybe","No","Some of them","Yes","Maybe","Yes","Yes","Yes",NA
2014-08-27 15:44:20,33,"female","United States","MA","No","No","No",NA,"100-500","Yes","Yes","Yes","No","Don't know","No","Don't know","Don't know","No","No","Some of them","Yes","No","No","Yes","No",NA
2014-08-27 15:46:12,23,"M","Canada",NA,"No","Yes","Yes","Sometimes","6-25","No","Yes","Yes","Yes","No","No","Yes","Very easy","No","No","Yes","Yes","No","No","Yes","No",NA
2014-08-27 15:46:39,39,"Male","United States","CA","No","Yes","No","Often","More than 1000","No","Yes","Yes","No","No","Don't know","Don't know","Don't know","Yes","No","Some of them","Some of them","No","Maybe","No","Yes",NA
2014-08-27 15:47:26,34,"M","United States","VT","No","Yes","No",NA,"More than 1000","No","Yes","Yes","Not sure","Don't know","Don't know","Don't know","Don't know","Maybe","No","Some of them","Some of them","No","Maybe","Don't know","Yes",NA
2014-08-27 15:47:33,26,"F","United States","CA","No","No","Yes","Sometimes","100-500","No","Yes","Yes","Yes","No","No","Don't know","Somewhat difficult","Yes","Maybe","Some of them","Some of them","No","No","No","Yes",NA
2014-08-27 15:50:26,24,"Male","United States","AZ","No","No","Yes","Rarely","26-100","No","Yes","Yes","Yes","Yes","No","Don't know","Don't know","No","No","Some of them","Yes","No","No","Don't know","No",NA
2014-08-27 15:51:36,37,"Male","Canada",NA,"No","Yes","Yes","Rarely","More than 1000","No","No","Yes","Yes","Yes","Yes","Don't know","Don't know","Maybe","Maybe","Some of them","Some of them","No","No","Don't know","No",NA
2014-08-27 15:53:39,43,"Male","United States","MA","Yes","Yes","Yes","Often","6-25","Yes","Yes","Yes","Yes","No","No","Yes","Very easy","No","No","Yes","Yes","Maybe","Maybe","Yes","No","So much depends upon the organization. "
2014-08-27 15:53:59,40,"Genderqueer","United States","VA","No","Yes","No","Never","More than 1000","No","Yes","Yes","Yes","Yes","Don't know","Yes","Don't know","Yes","Maybe","No","Some of them","No","Maybe","Yes","No",NA
2014-08-27 15:54:45,30,"male","United States","WA","No","Yes","Yes","Often","More than 1000","No","Yes","Yes","Yes","Yes","No","Don't know","Very difficult","Yes","No","Some of them","No","No","No","No","Yes",NA
2014-08-27 15:55:07,34,"M","United States","CA","No","No","Yes","Sometimes","6-25","No","Yes","Don't know","Not sure","No","No","Don't know","Don't know","Yes","Yes","Some of them","No","No","No","Don't know","No","Now at starutp.  Previously worked at big tech company which was actually quite good at supporting mental health issues.  Still wouldn't share with bosses/other employees though as there remains a strong negative stigma."
2014-08-27 15:55:07,27,"Male","United States","OR","No","Yes","Yes","Sometimes","100-500","No","Yes","Don't know","Not sure","No","Don't know","Don't know","Don't know","Yes","No","No","No","No","Yes","Don't know","No",NA
2014-08-27 15:55:08,36,"Male","United States","MI","No","No","No","Sometimes","More than 1000","No","Yes","Don't know","No","No","No","Yes","Somewhat easy","No","No","Yes","Yes","Maybe","Yes","Don't know","No",NA
2014-08-27 15:56:37,27,"Male","Brazil",NA,"No","No","No","Rarely","6-25","No","Yes","No","Yes","No","No","Don't know","Somewhat easy","Maybe","No","Some of them","Some of them","No","Maybe","No","No",NA
2014-08-27 15:58:23,35,"Male","Netherlands",NA,"No","Yes","No","Never","100-500","No","Yes","Yes","No","No","No","Yes","Don't know","Yes","No","No","No","No","Maybe","Don't know","No","Nice job on the text field for gender :-)"
2014-08-27 15:59:41,32,"Male","United Kingdom",NA,"No","No","No","Never","6-25","No","Yes","No","No","No","No","Don't know","Don't know","Maybe","No","Some of them","No","No","Yes","Yes","No",NA
2014-08-27 15:59:47,37,"M","United States","OR","No","No","No",NA,"500-1000","No","Yes","Yes","No","No","No","Don't know","Don't know","Maybe","Maybe","Some of them","Some of them","No","No","Don't know","No",NA
2014-08-27 16:00:16,29,"Male","United Kingdom",NA,"No","No","No",NA,"26-100","No","Yes","Don't know","No","Don't know","Don't know","Don't know","Don't know","No","No","Some of them","Yes","Maybe","Maybe","Yes","No",NA
2014-08-27 16:01:39,33,"Female ","United States","CA","No","No","No","Never","500-1000","No","Yes","Yes","Not sure","Yes","Yes","Don't know","Very easy","Maybe","No","Some of them","Yes","No","No","Yes","No","I currently have the best managers I've ever worked with. I don't have any issues but one of my coworkers recently did and it was handled extremely well. "
2014-08-27 16:01:52,28,"Make","United States","UT","No","No","No","Sometimes","6-25","Yes","Yes","No","Yes","No","No","Don't know","Somewhat easy","Yes","Maybe","Some of them","No","No","No","Don't know","No",NA
2014-08-27 16:02:16,26,"Female","United States","CA","No","Yes","No","Never","26-100","No","Yes","Don't know","Not sure","No","No","Don't know","Somewhat difficult","Maybe","Maybe","Some of them","No","No","Maybe","No","No",NA
2014-08-27 16:03:20,27,"M","United States","TX","No","Yes","Yes","Sometimes","6-25","Yes","Yes","Don't know","No","Yes","Don't know","Don't know","Somewhat easy","Yes","No","Some of them","Yes","No","Maybe","Yes","No",NA
2014-08-27 16:04:01,38,"Male","United Kingdom",NA,"Yes","No","Yes","Sometimes","26-100","Yes","Yes","No","No","No","No","Yes","Somewhat easy","Maybe","Maybe","Some of them","Yes","No","Maybe","Yes","No",NA
2014-08-27 16:06:46,57,"M","United States","CA","No","Yes","Yes","Rarely","More than 1000","No","Yes","Yes","Yes","No","No","Don't know","Don't know","Maybe","No","Some of them","Yes","No","Maybe","No","No",NA
2014-08-27 16:07:32,28,"Male","United Kingdom",NA,"No","No","Yes","Sometimes","More than 1000","No","Yes","No","No","No","No","No","Very difficult","Yes","Maybe","No","Some of them","No","Maybe","No","No",NA
2014-08-27 16:10:10,26,"male","France",NA,"No","No","No","Never","6-25","No","Yes","No","Yes","No","No","Don't know","Don't know","Maybe","No","Yes","Yes","Maybe","Maybe","No","No",NA
2014-08-27 16:11:36,42,"f","Netherlands",NA,"No","No","Yes","Rarely","100-500","Yes","Yes","Yes","Yes","No","No","Yes","Don't know","Yes","No","Some of them","No","No","Maybe","Don't know","No",NA
2014-08-27 16:13:31,31,"Male","United States","OR","No","No","Yes","Sometimes","100-500","Yes","Yes","Yes","Yes","Yes","Yes","Yes","Very easy","No","No","Some of them","Yes","No","No","Yes","No",NA
2014-08-27 16:13:40,58,"Male","United States","CA","No","No","Yes","Rarely","More than 1000","No","Yes","Yes","Yes","Yes","Yes","Yes","Somewhat easy","Maybe","No","Some of them","Yes","No","Yes","Yes","No",NA
2014-08-27 16:13:42,29,"Male","United States","OH","No","No","No","Sometimes","6-25","No","Yes","Don't know","No","No","No","Don't know","Very difficult","Yes","No","No","No","No","Maybe","No","No",NA
2014-08-27 16:14:04,39,"Female","United Kingdom",NA,"No","No","Yes","Sometimes","More than 1000","No","Yes","Yes","Yes","No","Yes","Don't know","Don't know","Yes","No","Some of them","Some of them","No","Maybe","No","Yes",NA
2014-08-27 16:14:43,34,"Male","United States","OH","No","No","No","Sometimes","6-25","Yes","Yes","Don't know","No","No","No","Don't know","Very difficult","Maybe","No","Some of them","Yes","No","Maybe","Don't know","No",NA
2014-08-27 16:15:26,57,"Male","United States","CA","No","No","Yes","Sometimes","More than 1000","No","Yes","Yes","Not sure","Yes","Yes","Don't know","Don't know","Maybe","Maybe","No","No","No","Maybe","Don't know","No",NA
2014-08-27 16:15:33,27,"Male","Germany",NA,"No","Yes","Yes","Sometimes","6-25","No","Yes","No","Not sure","No","No","Don't know","Somewhat difficult","Yes","Maybe","Some of them","No","No","No","No","Yes",NA
2014-08-27 16:16:40,23,"male","Germany",NA,"Yes","Yes","Yes","Often","26-100","Yes","Yes","Don't know","No","Don't know","Don't know","Don't know","Don't know","No","Maybe","Yes","Yes","Maybe","Yes","Don't know","No","you rock for doing this!"
2014-08-27 16:16:51,18,"male","Finland",NA,"No","No","No",NA,"500-1000","Yes","No","Don't know","No","No","Don't know","Don't know","Very easy","Yes","No","No","No","No","Maybe","Don't know","No",NA
2014-08-27 16:17:05,30,"female","United States","NY","No","No","No",NA,"100-500","No","Yes","Don't know","Not sure","No","No","Don't know","Don't know","Maybe","No","Some of them","Yes","No","Maybe","Don't know","No",NA
2014-08-27 16:17:41,23,"Male","United States","VA","No","No","No","Never","26-100","No","No","Don't know","Not sure","Don't know","Don't know","Don't know","Don't know","No","No","Yes","Yes","Maybe","Yes","Yes","No",NA
2014-08-27 16:18:44,43,"M","United States","CA","No","No","Yes","Sometimes","More than 1000","No","Yes","Yes","Yes","Yes","Yes","Yes","Somewhat easy","Yes","Maybe","No","No","No","Yes","Don't know","No",NA
2014-08-27 16:19:05,18,"Female","United Kingdom",NA,"No","Yes","Yes","Sometimes","1-5","Yes","Yes","Don't know","Not sure","Don't know","Don't know","Don't know","Don't know","Maybe","Maybe","Some of them","Some of them","Maybe","Maybe","Don't know","No","I don't have a job :D"
2014-08-27 16:19:25,29,"male","United States","IL","No","No","Yes","Rarely","6-25","No","Yes","Yes","Yes","No","No","Don't know","Don't know","Maybe","No","Some of them","No","No","Maybe","Don't know","No",NA
2014-08-27 16:20:36,48,"M","United States","TX","No","No","No","Never","6-25","No","Yes","Don't know","No","No","Don't know","Don't know","Don't know","Maybe","No","No","No","No","Maybe","Don't know","No",NA
2014-08-27 16:20:40,43,"male","Germany",NA,"No","No","Yes","Sometimes","26-100","No","No","No","Yes","Don't know","No","Don't know","Somewhat easy","Maybe","No","Some of them","Some of them","No","Yes","No","Yes",NA
2014-08-27 16:21:11,28,"Female","United States","NY","No","Yes","Yes","Sometimes","26-100","No","Yes","Don't know","Not sure","No","No","Don't know","Don't know","Yes","Maybe","Some of them","No","No","Maybe","Don't know","No",NA
2014-08-27 16:21:24,30,"Male","United States","CA","Yes","Yes","Yes","Often","1-5","Yes","Yes","No","Yes","No","No","Yes","Very easy","No","No","Yes","Yes","No","No","Yes","No",NA
2014-08-27 16:21:54,26,"Male","Israel","MD","No","No","No","Sometimes","6-25","No","Yes","No","No","No","No","Yes","Very easy","Maybe","No","Some of them","Yes","No","Maybe","Yes","No","Israel has public health insurance for everyone. Everyone has free mental health coverage and it's quite good. So that explains some of my answers."
2014-08-27 16:21:55,33,"Male","Italy",NA,"No","No","No","Never","6-25","No","No","No","No","No","No","Don't know","Don't know","Maybe","Maybe","Some of them","Some of them","No","No","No","No",NA
2014-08-27 16:22:10,31,"Male","United States","CA","No","No","No",NA,"More than 1000","No","Yes","Yes","Not sure","Don't know","Don't know","Yes","Don't know","No","No","No","Some of them","No","No","Yes","No",NA
2014-08-27 16:22:17,30,"M","United States","PA","No","No","No","Rarely","100-500","No","No","Don't know","Not sure","No","No","Don't know","Don't know","No","No","Some of them","Some of them","No","No","Don't know","No",NA
2014-08-27 16:23:14,27,"Male","Israel",NA,"No","No","No",NA,"26-100","No","Yes","No","No","No","No","Don't know","Somewhat difficult","Yes","No","Some of them","No","No","Maybe","No","Yes",NA
2014-08-27 16:25:26,24,"Female","United States","CA","Yes","Yes","Yes","Sometimes","1-5","Yes","Yes","No","No","Don't know","Don't know","Don't know","Don't know","No","No","Some of them","Some of them","No","No","Don't know","Yes",NA
2014-08-27 16:26:03,25,"male","United States","WA","No","No","No",NA,"26-100","No","Yes","Don't know","Not sure","Don't know","Don't know","Don't know","Don't know","Maybe","No","Some of them","No","No","No","Don't know","No",NA
2014-08-27 16:27:04,23,"Female","United States","NY","No","Yes","Yes","Often","More than 1000","No","Yes","Yes","Not sure","Don't know","No","Don't know","Don't know","Maybe","No","Some of them","Some of them","No","No","Yes","Yes",NA
2014-08-27 16:27:47,36,"m","United States","TX","No","No","Yes","Sometimes","More than 1000","No","No","Yes","Not sure","No","No","Don't know","Somewhat difficult","Yes","Maybe","Some of them","No","No","No","No","Yes","Stigma is the worst. People first language is a small step but we can't get that right."
2014-08-27 16:28:10,25,"female","United States","CA","Yes","Yes","Yes","Often","1-5","Yes","Yes","Don't know","Not sure","No","No","Yes","Somewhat difficult","Yes","No","Some of them","No","No","Maybe","No","Yes",NA
2014-08-27 16:28:20,54,"Male","United Kingdom",NA,"No","No","Yes","Sometimes","More than 1000","Yes","No","No","Yes","Yes","Yes","Yes","Very easy","No","No","Yes","Yes","Maybe","Maybe","No","No",NA
2014-08-27 16:29:05,34,"Male","Netherlands",NA,"No","No","No","Rarely","6-25","No","Yes","Don't know","Not sure","Don't know","Don't know","Don't know","Somewhat easy","No","No","Some of them","Some of them","No","Maybe","Yes","No","-"
2014-08-27 16:29:23,38,"female","United States","AZ","No","No","Yes",NA,"26-100","No","Yes","Yes","Yes","No","No","Yes","Don't know","Maybe","Maybe","No","No","No","No","No","No",NA
2014-08-27 16:31:16,40,"Male","Ireland",NA,"Yes","Yes","No",NA,"More than 1000","No","Yes","No","No","No","No","No","Don't know","Yes","Maybe","Some of them","No","No","Maybe","No","Yes",NA
2014-08-27 16:32:31,32,"male","United Kingdom",NA,"No","No","No",NA,"26-100","No","Yes","No","Not sure","No","Don't know","Don't know","Don't know","No","No","No","Some of them","No","Maybe","Don't know","No",NA
2014-08-27 16:34:18,25,"Male","Germany",NA,"No","No","No","Never","More than 1000","No","No","Don't know","Not sure","Don't know","Yes","Don't know","Don't know","No","No","Yes","Yes","No","Yes","Don't know","No",NA
2014-08-27 16:35:02,35,"Female","United States","OH","No","No","Yes","Sometimes","100-500","No","Yes","No","Yes","No","No","Don't know","Don't know","Yes","Maybe","No","No","No","Maybe","No","No",NA
2014-08-27 16:36:57,46,"male","United States","CA","No","No","Yes","Sometimes","More than 1000","No","Yes","Yes","Yes","Yes","Yes","Don't know","Don't know","Maybe","No","Some of them","No","No","No","Yes","No",NA
2014-08-27 16:39:00,42,"male","United States","KS","No","No","No","Never","100-500","No","No","Yes","No","Yes","No","Don't know","Very difficult","Maybe","No","Yes","Yes","Maybe","Yes","No","No",NA
2014-08-27 16:39:01,32,"male","United Kingdom",NA,"No","Yes","Yes","Sometimes","6-25","Yes","Yes","Yes","No","No","No","Don't know","Don't know","No","No","Yes","Yes","Maybe","Maybe","Yes","No",NA
2014-08-27 16:40:35,47,"M","United States","CA","No","Yes","Yes","Sometimes","More than 1000","No","Yes","Yes","Yes","Yes","Yes","Don't know","Very easy","No","No","Some of them","Yes","No","Yes","Yes","No",NA
2014-08-27 16:42:00,22,"Male","United States","CA","No","No","No",NA,"More than 1000","No","Yes","Yes","Not sure","Yes","Don't know","Yes","Don't know","No","No","Some of them","Yes","No","Maybe","Yes","No",NA
2014-08-27 16:42:55,33,"Female","United States","NY","No","No","Yes","Sometimes","500-1000","Yes","Yes","Yes","Yes","Yes","Yes","Don't know","Very easy","No","No","Some of them","Some of them","No","No","Don't know","No",NA
2014-08-27 16:47:48,25,"f","United States","WA","No","No","No","Sometimes","6-25","No","Yes","No","No","No","No","No","Somewhat easy","Maybe","No","Some of them","No","No","No","Yes","No",NA
2014-08-27 16:53:54,29,"M","United States","CA","No","No","No",NA,"More than 1000","No","Yes","Don't know","Not sure","No","Don't know","Don't know","Don't know","Maybe","No","No","No","No","Maybe","Don't know","No",NA
2014-08-27 16:55:04,39,"Male","United States","WA","No","No","No","Never","26-100","No","Yes","Yes","Yes","Yes","Yes","Yes","Very easy","No","No","Yes","Yes","No","No","Yes","No","I work for an extremely supportive company and we are amazingly open about mental health issues. Employees often share their struggles with the whole team and receive a high level of support in return."
2014-08-27 17:00:15,38,"male","United States","VA","No","Yes","Yes","Sometimes","More than 1000","No","Yes","Yes","Not sure","Yes","Yes","Yes","Don't know","Yes","No","No","No","No","No","No","No",NA
2014-08-27 17:03:02,43,"Male","United States","NC","No","No","No",NA,"6-25","Yes","Yes","Don't know","No","No","Don't know","Don't know","Don't know","Maybe","No","Some of them","No","No","No","Don't know","No",NA
2014-08-27 17:04:29,46,"Male","United States","OH","No","No","Yes","Rarely","500-1000","Yes","Yes","Yes","Not sure","Yes","Yes","Yes","Don't know","No","No","Some of them","Yes","No","Maybe","Yes","No",NA
2014-08-27 17:08:18,38,"Female","United States","PA","No","Yes","Yes","Sometimes","More than 1000","No","No","Yes","Yes","Yes","Yes","Yes","Very easy","Maybe","No","Yes","Yes","No","No","No","Yes",NA
2014-08-27 17:09:23,33,"Male","Germany",NA,"No","No","Yes","Sometimes","6-25","No","Yes","Yes","Yes","No","No","Yes","Very easy","Yes","Yes","Some of them","Some of them","No","Maybe","No","No",NA
2014-08-27 17:10:56,34,"Male","United Kingdom",NA,"No","Yes","Yes","Often","26-100","No","Yes","No","Yes","No","No","Yes","Very easy","Maybe","Maybe","Yes","Yes","No","No","No","No",NA
2014-08-27 17:12:01,62,"M","United States","CA","No","No","No","Never","More than 1000","No","Yes","Yes","Yes","Don't know","Yes","Don't know","Don't know","Maybe","No","Some of them","Yes","Maybe","Maybe","Yes","No",NA
2014-08-27 17:14:36,23,"F","United States","TX","No","No","No",NA,"More than 1000","No","No","Don't know","Not sure","Don't know","Don't know","Yes","Don't know","Maybe","Maybe","Some of them","Some of them","No","No","Don't know","No",NA
2014-08-27 17:15:25,35,"Male","United States","AZ","No","No","No",NA,"More than 1000","No","No","No","No","No","No","Don't know","Don't know","Maybe","Maybe","No","No","No","No","No","No",NA
2014-08-27 17:19:05,25,"Male","Bosnia and Herzegovina",NA,"No","Yes","No","Rarely","26-100","Yes","Yes","Don't know","Not sure","Don't know","Don't know","Don't know","Don't know","Maybe","Yes","No","No","No","No","Don't know","Yes",NA
2014-08-27 17:22:29,36,"M","United States","IL","Yes","Yes","Yes","Sometimes","1-5","Yes","Yes","Don't know","Yes","Don't know","No","Yes","Somewhat difficult","Maybe","No","Some of them","Yes","No","Yes","Yes","No",NA
2014-08-27 17:32:04,41,"Female","United States",NA,"No","Yes","Yes","Rarely","500-1000","Yes","Yes","Yes","Yes","Yes","Yes","Yes","Very easy","Maybe","Maybe","Some of them","Some of them","No","No","Yes","No",NA
2014-08-27 17:33:51,24,"male","Austria",NA,"Yes","No","No","Sometimes","1-5","No","Yes","Yes","Yes","Don't know","Don't know","Yes","Somewhat easy","No","No","Some of them","Some of them","Maybe","Maybe","Yes","No",NA
2014-08-27 17:33:52,51,"Male","New Zealand",NA,"No","No","Yes","Sometimes","26-100","Yes","Yes","No","Yes","Yes","No","No","Somewhat difficult","Yes","Yes","No","No","No","No","Don't know","Yes",NA
2014-08-27 17:33:52,29,"M","United States","NC","No","No","Yes","Sometimes","6-25","No","Yes","Yes","Yes","No","Yes","Yes","Very easy","No","No","No","Some of them","No","No","Yes","No",NA
2014-08-27 17:37:41,31,"Female","Canada",NA,"Yes","Yes","Yes","Sometimes","100-500","Yes","Yes","Don't know","Not sure","Don't know","Don't know","Don't know","Don't know","Maybe","Maybe","Some of them","Yes","No","No","Yes","No",NA
2014-08-27 17:39:58,27,"Male","United Kingdom",NA,"No","No","No",NA,"6-25","No","Yes","No","No","No","No","Don't know","Don't know","No","No","Some of them","Yes","No","Yes","Don't know","No",NA
2014-08-27 17:41:44,31,"Male","Australia",NA,"No","No","Yes","Rarely","100-500","No","Yes","Yes","Yes","Yes","Yes","Don't know","Somewhat easy","No","No","Yes","Yes","Yes","Yes","No","No",NA
2014-08-27 17:42:49,27,"female","Hungary",NA,"Yes","Yes","No","Sometimes","1-5","Yes","Yes","No","No","No","No","No","Very difficult","Yes","Maybe","No","No","No","Maybe","No","No",NA
2014-08-27 17:46:17,23,"Male","Sweden",NA,"No","No","No","Rarely","6-25","No","Yes","Don't know","No","No","Don't know","Don't know","Very easy","No","No","Some of them","Yes","Maybe","Maybe","Yes","No",NA
2014-08-27 17:47:45,21,"Male","Canada",NA,"No","No","No","Never","26-100","No","Yes","Don't know","Not sure","Don't know","No","Don't know","Don't know","Yes","Maybe","No","No","No","Maybe","Don't know","No",NA
2014-08-27 17:48:54,27,"Female","Australia",NA,"No","Yes","Yes","Sometimes","6-25","No","Yes","No","Yes","No","No","No","Somewhat difficult","Yes","No","Some of them","Some of them","No","No","No","No",NA
2014-08-27 17:49:21,39,"M","United States","WI","No","Yes","Yes","Often","26-100","Yes","Yes","Yes","Yes","Yes","Yes","Don't know","Somewhat easy","Yes","No","Some of them","Yes","No","No","No","No",NA
2014-08-27 17:49:30,26,"M","United States","CA","No","Yes","Yes","Never","More than 1000","No","Yes","Don't know","No","No","Don't know","Don't know","Don't know","Maybe","No","No","No","No","No","No","No",NA
2014-08-27 17:52:31,27,"Male","United Kingdom",NA,"No","No","No","Never","6-25","No","Yes","Don't know","No","No","No","Don't know","Don't know","Maybe","Maybe","Some of them","Some of them","No","No","Don't know","No",NA
2014-08-27 17:56:50,22,"Female","United States","CA","No","Yes","Yes","Sometimes","500-1000","No","Yes","Yes","Yes","No","Don't know","Don't know","Don't know","No","No","Some of them","Some of them","No","No","No","Yes",NA
2014-08-27 18:00:39,26,"F","United States","MN","No","Yes","Yes","Often","100-500","No","No","Don't know","No","No","No","Don't know","Somewhat difficult","Maybe","No","No","No","No","Maybe","No","No",NA
2014-08-27 18:02:32,31,"Female","United States","PA","No","Yes","Yes","Rarely","100-500","No","Yes","Yes","Yes","No","No","Yes","Somewhat easy","No","No","Yes","Yes","No","No","Yes","No",NA
2014-08-27 18:02:42,32,"male","United Kingdom",NA,"No","No","No","Never","6-25","No","Yes","Don't know","No","No","No","Don't know","Don't know","No","No","Yes","Yes","Yes","Yes","Yes","No",NA
2014-08-27 18:12:55,28,"female","United States","CA","No","Yes","Yes","Often","100-500","Yes","Yes","Yes","No","No","Don't know","Don't know","Don't know","Yes","Yes","Some of them","Some of them","No","No","No","Yes",NA
2014-08-27 18:13:38,28,"Androgyne","United Kingdom",NA,"No","Yes","Yes","Rarely","100-500","No","Yes","No","Not sure","No","No","Yes","Somewhat difficult","Yes","Yes","Some of them","Some of them","Yes","No","No","Yes","I bring up my depression in interviews solely because I have a large gap on my CV due to mental health issues which could be mistaken for a gap taken to say have children which I feel would harm my chances much more. I have other MH issues I would never bring up with employers or peers."
2014-08-27 18:14:59,23,"female","United Kingdom",NA,"No","No","No",NA,"6-25","No","Yes","Don't know","Not sure","No","No","Don't know","Very easy","Maybe","No","No","Some of them","No","Yes","Yes","No",NA
2014-08-27 18:16:52,30,"Male","United Kingdom",NA,"No","No","No","Never","26-100","Yes","Yes","Don't know","Not sure","Don't know","Don't know","Don't know","Very easy","No","No","Yes","Yes","Maybe","Maybe","Yes","No",NA
2014-08-27 18:18:18,36,"Male","United States","CA","No","Yes","Yes","Sometimes","More than 1000","No","Yes","Yes","No","No","Yes","Don't know","Somewhat difficult","Yes","No","Some of them","Yes","No","Yes","No","No",NA
2014-08-27 18:22:05,21,"M","United States","CA","No","Yes","No",NA,"More than 1000","No","Yes","Yes","Yes","Yes","Yes","Yes","Don't know","No","No","Some of them","Yes","No","Maybe","Yes","No",NA
2014-08-27 18:29:32,30,"male","Germany",NA,"No","No","No","Often","26-100","No","Yes","No","No","Don't know","No","Don't know","Somewhat easy","Maybe","No","Some of them","Some of them","Maybe","Yes","Don't know","No",NA
2014-08-27 18:39:43,25,"Woman","United States","CA","No","Yes","No",NA,"500-1000","No","No","Don't know","Not sure","No","No","Don't know","Don't know","Maybe","No","Some of them","Some of them","No","Maybe","Don't know","No","I'm not aware of anyone with mental health issues at work it's definitely not something that's discussed publicly. There's also a lot of other personal info I don't know about my coworkers so it may just be that we tend not to talk about personal issues."
2014-08-27 18:41:00,32,"Male","New Zealand",NA,"No","No","Yes","Sometimes","6-25","No","Yes","No","No","No","No","Don't know","Very easy","No","No","Some of them","Yes","Maybe","Yes","Don't know","No","I suffer from mild depression and anxiety."
2014-08-27 18:43:06,29,"female","Canada",NA,"No","No","Yes","Sometimes","1-5","No","Yes","No","No","No","No","Don't know","Don't know","Maybe","No","Some of them","Some of them","No","No","Yes","No","The family history question needs a don't know option."
2014-08-27 18:56:46,21,"Agender","United Kingdom",NA,"No","No","Yes","Sometimes","26-100","No","Yes","No","Yes","Yes","No","Yes","Somewhat easy","Maybe","No","Some of them","Some of them","No","No","Yes","No",NA
2014-08-27 18:59:44,27,"Female","New Zealand",NA,"No","Yes","Yes","Rarely","100-500","Yes","Yes","No","No","No","No","Don't know","Somewhat easy","Maybe","Maybe","Some of them","Some of them","No","Yes","Don't know","No",NA
2014-08-27 19:05:52,32,"Female","Canada",NA,"No","No","Yes","Often","More than 1000","No","No","Don't know","Not sure","Don't know","Don't know","Don't know","Don't know","Maybe","No","Some of them","Some of them","No","No","Don't know","No",NA
2014-08-27 19:08:31,34,"M","Australia",NA,"No","No","No","Sometimes","More than 1000","No","Yes","Yes","Yes","Yes","Yes","Yes","Very easy","No","No","Some of them","Yes","No","Maybe","Yes","No",NA
2014-08-27 19:13:21,33,"M","United States","NY","No","No","No",NA,"26-100","No","Yes","Don't know","No","Don't know","Don't know","Don't know","Don't know","Yes","No","Some of them","No","No","Maybe","Don't know","No","I'm afraid I haven't seen mental health issues arise at work yet. They are very accommodating with maternity leave but I don't know how that translates to anything else."
2014-08-27 19:13:27,22,"Male","Netherlands",NA,"No","Yes","Yes","Sometimes","6-25","Yes","Yes","No","Not sure","No","Don't know","Don't know","Somewhat easy","No","No","Some of them","Yes","Maybe","Yes","Yes","No",NA
2014-08-27 19:16:15,24,"M","United States","CA","No","No","No",NA,"More than 1000","No","Yes","Don't know","Not sure","Don't know","Don't know","Don't know","Don't know","Maybe","Maybe","Some of them","Some of them","No","No","Yes","No",NA
2014-08-27 19:17:07,65,"Male","United States","FL","Yes","No","No",NA,"6-25","Yes","No","No","No","No","No","Don't know","Very easy","Maybe","No","Some of them","No","No","No","Yes","No",NA
2014-08-27 19:25:42,27,"Male","United States","OR","No","Yes","Yes","Sometimes","100-500","Yes","Yes","Don't know","No","No","Don't know","Don't know","Don't know","No","No","Some of them","No","No","No","Yes","No",NA
2014-08-27 19:27:25,33,"Male","Australia",NA,"No","No","No","Never","More than 1000","No","Yes","Don't know","Not sure","Don't know","Don't know","Yes","Very easy","No","No","Some of them","Yes","Maybe","Yes","Yes","No",NA
2014-08-27 19:28:35,36,"Male","United States","CO","No","No","Yes","Rarely","26-100","No","Yes","Don't know","Not sure","No","Don't know","Don't know","Don't know","No","No","Some of them","Some of them","No","No","Don't know","No",NA
2014-08-27 19:34:26,40,"Male","Canada",NA,"No","No","No","Never","26-100","No","Yes","No","No","No","No","Don't know","Somewhat difficult","No","No","Some of them","Some of them","No","No","No","No",NA
2014-08-27 19:34:56,28,"male","United States","GA","No","No","Yes","Sometimes","More than 1000","No","Yes","Yes","Yes","No","No","Yes","Somewhat difficult","Maybe","No","Some of them","No","No","Maybe","No","No",NA
2014-08-27 19:38:44,39,"Male","United States","OR","No","No","Yes","Sometimes","500-1000","No","Yes","Yes","Not sure","Yes","Don't know","Yes","Don't know","Yes","Maybe","Yes","Yes","No","Maybe","Don't know","No",NA
2014-08-27 19:41:28,32,"Male","United States","CA","No","No","Yes","Sometimes","More than 1000","No","Yes","Yes","No","No","Yes","Don't know","Somewhat easy","No","No","Yes","Some of them","Maybe","Yes","Don't know","No",NA
2014-08-27 19:45:36,31,"male","United States","CA","No","Yes","No","Sometimes","More than 1000","No","Yes","Yes","Not sure","Don't know","Don't know","Don't know","Somewhat easy","Maybe","No","No","Some of them","No","Yes","No","No","Mental health issue I have dealt with: acute depression"
2014-08-27 19:59:12,38,"Make","United States","PA","No","Yes","Yes","Sometimes","100-500","No","Yes","Don't know","No","No","No","Don't know","Don't know","Maybe","Maybe","Some of them","No","No","No","Don't know","No",NA
2014-08-27 20:13:06,23,"Male","United States","CA","No","Yes","Yes","Rarely","1-5","No","Yes","No","Yes","No","No","Don't know","Don't know","Maybe","No","Some of them","Yes","No","No","Yes","No",NA
2014-08-27 20:17:52,42,"Make","United States","CA","No","No","Yes","Often","More than 1000","No","Yes","Yes","Yes","Yes","Yes","Yes","Somewhat easy","Maybe","Maybe","Yes","Yes","Maybe","Maybe","Don't know","No",NA
2014-08-27 20:33:33,27,"Female","United States","NY","No","No","No","Sometimes","500-1000","No","Yes","Don't know","Not sure","Don't know","Yes","Don't know","Don't know","No","No","Some of them","Yes","No","No","Yes","No",NA
2014-08-27 20:48:54,26,"Female","United States","MA","No","Yes","Yes","Sometimes","26-100","No","Yes","Yes","Yes","No","No","Yes","Somewhat difficult","No","No","Yes","Yes","No","No","No","Yes",NA
2014-08-27 20:52:20,50,"Male","United States",NA,"No","No","No","Never","26-100","Yes","Yes","No","Yes","No","No","Don't know","Don't know","No","No","No","No","No","Maybe","No","No",NA
2014-08-27 20:52:31,37,"Male","United States","PA","No","Yes","No","Never","26-100","No","Yes","Don't know","No","No","Don't know","Don't know","Somewhat easy","No","No","Yes","Yes","No","No","Yes","No",NA
2014-08-27 20:53:22,23,"Male","United States","RI","No","No","No",NA,"26-100","No","Yes","Don't know","No","Don't know","No","Don't know","Don't know","No","No","Yes","Yes","No","Maybe","Don't know","No",NA
2014-08-27 20:55:48,33,"M","United States","MI","No","Yes","No","Sometimes","6-25","Yes","Yes","Don't know","Not sure","No","No","Yes","Very easy","No","No","Some of them","Yes","No","No","Yes","No",NA
2014-08-27 21:05:41,29,"male","Canada",NA,"Yes","No","No","Never","26-100","Yes","Yes","Yes","Yes","No","No","Yes","Very difficult","Yes","No","Some of them","No","No","Yes","No","No",NA
2014-08-27 21:15:09,34,"Male","United States","IL","No","Yes","Yes","Sometimes","26-100","Yes","No","Yes","No","No","No","Don't know","Don't know","Maybe","No","Some of them","Some of them","No","Maybe","Don't know","No","Thanks for doing this. It will help end the stigma!"
2014-08-27 21:17:31,41,"male","United States","CA","No","Yes","Yes","Often","More than 1000","No","Yes","Yes","No","No","No","Don't know","Don't know","Maybe","Maybe","Some of them","Some of them","No","No","Don't know","Yes",NA
2014-08-27 21:21:31,50,"Male","United States","OR","No","Yes","No",NA,"100-500","Yes","Yes","Don't know","No","No","Don't know","Don't know","Don't know","No","No","Some of them","Yes","Maybe","Maybe","Don't know","No",NA
2014-08-27 21:35:24,29,"Male","Canada",NA,"No","No","Yes","Never","More than 1000","No","No","Yes","Not sure","Yes","Yes","Yes","Somewhat difficult","Maybe","No","Some of them","No","No","Maybe","Don't know","Yes","For clarity I work at a casino."
2014-08-27 21:39:23,35,"Male","United States","IN","No","No","No","Never","6-25","No","Yes","No","Yes","No","No","Yes","Very easy","No","No","Some of them","Yes","Maybe","Maybe","Yes","No",NA
2014-08-27 21:45:31,27,"Male","Singapore",NA,"No","No","No","Sometimes","1-5","Yes","Yes","No","No","No","No","Yes","Don't know","Yes","No","Some of them","Yes","No","No","No","No","Most employers / coworkers and even immediate family is not all the time supportive to discuss depression and other problems. ie. My wife thinks she should be able to make sure that I am not depressed  which is funny because sometimes depression state has nothing to do with her. "
2014-08-27 21:54:29,40,"Female","United States","MA","No","No","No","Never","26-100","No","No","Don't know","Not sure","No","No","Don't know","Somewhat easy","Maybe","Maybe","Yes","Yes","Maybe","Maybe","Don't know","No",NA
2014-08-27 21:54:32,27,"Male","Australia",NA,"No","No","Yes","Often","100-500","Yes","Yes","No","No","No","No","Don't know","Don't know","Maybe","No","Some of them","No","No","Maybe","No","Yes",NA
2014-08-27 21:55:28,29,"f","United States","MI","No","No","No","Never","26-100","No","Yes","Yes","Yes","Yes","No","Yes","Don't know","Maybe","No","Some of them","Some of them","No","Maybe","Don't know","Yes",NA
2014-08-27 22:00:36,31,"Male","United States","OH","No","Yes","Yes","Sometimes","6-25","No","Yes","No","No","No","No","Don't know","Somewhat easy","Maybe","No","Yes","Yes","No","Maybe","Don't know","No",NA
2014-08-27 22:04:43,43,"Male","United States","OH","No","No","Yes","Sometimes","6-25","No","Yes","No","Yes","No","No","Don't know","Somewhat easy","No","No","Yes","Yes","No","Maybe","Don't know","No",NA
2014-08-27 22:04:47,34,"Male","United States","NH","No","Yes","Yes","Sometimes","26-100","Yes","Yes","Yes","Yes","No","No","Don't know","Don't know","Maybe","No","Some of them","Some of them","No","Yes","Don't know","Yes",NA
2014-08-27 22:06:14,29,"Male","United States","OH","No","Yes","Yes","Sometimes","26-100","No","Yes","Don't know","No","No","No","No","Somewhat difficult","Yes","No","Some of them","Some of them","No","Maybe","Don't know","No","It has come to interfere with work as life progresses.Between burn out and enduring more of the work and balancing a family. Changes in my mental health have a larger pond to make ripples in."
2014-08-27 22:07:34,19,"Male","Canada",NA,"No","Yes","Yes","Sometimes","1-5","No","Yes","No","No","No","No","Don't know","Don't know","Maybe","Maybe","Some of them","No","No","Maybe","Don't know","No",NA
2014-08-27 22:11:16,41,"m","United States","TN","No","Yes","Yes","Sometimes","More than 1000","No","Yes","Yes","Not sure","Yes","Yes","Don't know","Don't know","Maybe","No","Some of them","Some of them","No","No","No","No",NA
2014-08-27 22:12:55,29,"Male","United States","OR","No","Yes","No","Never","100-500","No","Yes","Yes","Yes","Yes","Yes","Don't know","Don't know","No","No","Some of them","Yes","No","Maybe","Yes","No",NA
2014-08-27 22:13:55,23,"Male","United States","PA","No","No","No","Rarely","100-500","No","Yes","Yes","Not sure","Don't know","Don't know","Don't know","Don't know","No","No","Some of them","Some of them","No","No","Yes","No",NA
2014-08-27 22:14:23,24,"Female","United States",NA,"No","Yes","Yes","Sometimes","100-500","No","Yes","Yes","Not sure","No","No","Don't know","Somewhat difficult","Yes","Maybe","No","No","No","No","No","Yes",NA
2014-08-27 22:14:46,31,"M","United States","NY","No","No","No",NA,"26-100","Yes","Yes","Don't know","No","No","Don't know","Don't know","Don't know","Yes","No","No","No","No","Maybe","Don't know","No",NA
2014-08-27 22:21:48,43,"Male","United States","WA","No","No","No",NA,"500-1000","Yes","Yes","Don't know","Not sure","Don't know","Don't know","Don't know","Don't know","No","No","Yes","Yes","No","No","Yes","No",NA
2014-08-27 22:26:03,31,"Male","United States","NY","No","Yes","Yes","Rarely","100-500","No","Yes","No","No","No","Don't know","Don't know","Somewhat difficult","Yes","Yes","Some of them","No","No","No","No","Yes",NA
2014-08-27 22:32:36,29,"Male","United States","CA","No","Yes","No","Often","100-500","No","Yes","Yes","Yes","Yes","Yes","Don't know","Don't know","No","No","Some of them","Yes","No","No","Don't know","No",NA
2014-08-27 22:35:40,35,"Male","United States","TN","Yes","Yes","No",NA,"6-25","Yes","Yes","No","No","Yes","Yes","Don't know","Very easy","No","No","Yes","Yes","No","Maybe","Yes","No","The supposed divide between mental and physical health needs to done away with and probably will be as our knowledge of the brain increases. That said we are often employed for our ability to provide value. If any issue prevents is from providing value that creates a very real challenge for the employer who is responsible to shareholders and other team members who are providing value. There are no easy answers here."
2014-08-27 22:36:34,33,"Male","United States","WI","No","Yes","Yes","Sometimes","100-500","No","No","Yes","Not sure","No","No","Yes","Somewhat difficult","Yes","Yes","No","No","No","No","No","No",NA
2014-08-27 22:55:13,30,"cis-female/femme","United States","WI","Yes","Yes","Yes","Often","1-5","Yes","No","No","Yes","No","Yes","Yes","Somewhat difficult","No","No","Yes","Yes","No","No","Yes","No","Because I'm self-employed and the only person in my organization I would have liked a not applicable option. I don't want my answers to be misleading."
2014-08-27 22:59:23,27,"male","United States","PA","No","No","No",NA,"More than 1000","No","Yes","Yes","Not sure","Don't know","Don't know","Yes","Don't know","Maybe","Maybe","No","No","No","Maybe","No","No",NA
2014-08-27 23:09:46,32,"Male","United States","MI","No","No","No","Sometimes","100-500","No","Yes","No","Yes","No","No","Don't know","Don't know","Maybe","Maybe","Some of them","Some of them","No","No","No","No",NA
2014-08-27 23:10:16,50,"Male","United States","WY","No","No","No","Sometimes","1-5","Yes","Yes","Don't know","No","No","Don't know","Don't know","Don't know","Yes","Maybe","Some of them","Some of them","No","Maybe","Don't know","No","I work for a very small firm that doesn't really have a dedicated H/R person. Also for the question:If you have a mental health condition do you feel that it interferes with your work?...I don't have a diagnosed mental health condition but I suspect I might have some slight depression issues. Definitely have Imposter Syndrome."
2014-08-27 23:10:23,24,"male","United States","KY","No","No","No","Never","26-100","No","No","Don't know","Not sure","No","No","Don't know","Don't know","Maybe","Yes","Some of them","No","No","Maybe","No","No",NA
2014-08-27 23:14:58,27,"Male","United States","NY","No","No","No",NA,"26-100","No","Yes","Don't know","No","No","No","Don't know","Don't know","No","No","Yes","Yes","No","Maybe","Yes","No",NA
2014-08-27 23:30:52,27,"Male","Australia",NA,"No","No","No","Never","1-5","Yes","Yes","No","No","No","No","Don't know","Don't know","Yes","No","No","No","No","Maybe","Don't know","No",NA
2014-08-27 23:54:08,32,"Male","United States","TX","No","No","Yes","Sometimes","6-25","No","Yes","No","Yes","No","No","Yes","Somewhat easy","No","No","Some of them","Yes","Maybe","Maybe","Yes","No","I went through a divorce and was pretty depressed I went to therapy and my boss (one of the owners) was extremely supportive. I'm not sure I would have got through that rough time with out my co-workers and boss."
2014-08-27 23:56:33,42,"Male","United States","WI","Yes","No","No","Rarely","6-25","Yes","No","No","Yes","No","No","Don't know","Very easy","No","No","Some of them","Yes","Maybe","Maybe","Yes","No",NA
2014-08-27 23:57:16,37,"Male","United States","WA","No","No","No","Often","More than 1000","No","No","Don't know","No","No","No","Don't know","Don't know","Maybe","No","Some of them","No","No","No","No","No",NA
2014-08-27 23:59:59,30,"Male","Singapore",NA,"No","No","No","Sometimes","26-100","No","Yes","Don't know","Not sure","No","No","Don't know","Somewhat easy","Maybe","No","Some of them","No","No","Yes","No","Yes",NA
2014-08-28 00:02:36,29,"Male","United States","WA","No","No","No","Rarely","More than 1000","No","Yes","Yes","No","No","No","Don't know","Very easy","Yes","Maybe","Some of them","No","No","No","Don't know","No",NA
2014-08-28 00:05:34,30,"Male","United States","GA","Yes","No","Yes","Often","6-25","Yes","Yes","No","Not sure","No","Yes","Don't know","Somewhat difficult","No","No","Yes","Yes","No","Maybe","Yes","No",NA
2014-08-28 00:17:24,35,"Male","United States","MI","No","No","No","Never","26-100","No","Yes","Yes","No","Yes","Don't know","Don't know","Don't know","No","No","Some of them","Some of them","Maybe","Maybe","Yes","No",NA
2014-08-28 00:43:40,35,"Male","United States","MD","No","Yes","Yes","Rarely","100-500","Yes","No","Yes","Yes","No","No","Yes","Very difficult","Yes","No","Some of them","No","No","Maybe","No","No","I'm diagnosed with Bipolar Disorder. My benefits for mental health exist but are terrible. The deductible is $800. I see a therapist once or twice a month at the cost of $150. The insurance company only values it at $40. My psychiatrist is $180 for 15 minutes. The insurance company values it at $80. It is IMPOSSIBLE to hit my deductible. I don't even bother making the claims."
2014-08-28 00:47:55,38,"male","Netherlands",NA,"No","Yes","No","Often","26-100","Yes","Yes","No","Not sure","No","Don't know","Don't know","Don't know","Maybe","Maybe","Some of them","Some of them","Maybe","Maybe","Don't know","No",NA
2014-08-28 01:04:45,22,"Male","United Kingdom",NA,"No","Yes","Yes","Sometimes","100-500","No","Yes","Yes","Yes","No","No","Yes","Very easy","No","No","Some of them","Yes","Maybe","Yes","Yes","No",NA
2014-08-28 01:14:11,24,"m","Germany",NA,"No","Yes","No","Sometimes","100-500","No","Yes","Don't know","No","No","No","Don't know","Somewhat easy","No","No","Some of them","Some of them","No","Maybe","Don't know","No","We don't fucking talk about it ever."
2014-08-28 01:19:34,22,"M","Netherlands",NA,"Yes","No","No","Never","1-5","No","Yes","Don't know","Not sure","No","No","Don't know","Don't know","No","Maybe","Some of them","Yes","Maybe","Yes","No","Yes",NA
2014-08-28 01:30:12,31,"Female","United States","WA","No","No","Yes","Often","26-100","Yes","Yes","Yes","Yes","No","No","Don't know","Very easy","Maybe","No","Some of them","Some of them","No","Yes","Don't know","No",NA
2014-08-28 01:38:53,23,"female","United States","CA","No","Yes","Yes","Sometimes","More than 1000","No","Yes","Yes","Yes","Yes","Yes","Yes","Somewhat easy","Yes","Maybe","No","No","No","No","Don't know","No",NA
2014-08-28 01:41:17,31,"Female","United States","OR","No","Yes","Yes","Sometimes","100-500","No","Yes","Don't know","No","No","No","Don't know","Don't know","No","No","Some of them","Some of them","No","No","Don't know","No",NA
2014-08-28 01:56:43,28,"Female","United States","CA","No","Yes","Yes","Rarely","500-1000","No","Yes","Yes","Yes","Yes","Yes","Don't know","Somewhat difficult","Maybe","No","No","Some of them","No","No","No","No",NA
2014-08-28 02:15:08,37,"Guy (-ish) ^_^","Canada",NA,"No","Yes","Yes","Sometimes","100-500","No","No","Yes","Yes","No","No","Don't know","Somewhat difficult","Yes","Maybe","Some of them","Some of them","No","Maybe","No","No",NA
2014-08-28 02:17:42,34,"male","United States","CA","Yes","Yes","Yes","Sometimes","6-25","No","Yes","No","Yes","No","No","Yes","Somewhat easy","No","No","Some of them","Some of them","No","No","No","No","thanks for what you're doing. FYI these questions dont quite work for entrepreneurs where employer == cofounders / sr mgmt / me"
2014-08-28 02:19:29,32,"male leaning androgynous","Canada",NA,"No","No","No","Sometimes","26-100","Yes","Yes","No","Yes","No","No","Yes","Very difficult","Yes","Maybe","Some of them","No","No","Maybe","No","Yes",NA
2014-08-28 02:30:00,28,"Male","United States","MI","No","Yes","Yes","Sometimes","26-100","Yes","Yes","Yes","Not sure","No","Don't know","Don't know","Don't know","Yes","No","Some of them","Some of them","No","No","Don't know","Yes",NA
2014-08-28 02:32:11,24,"Female","United Kingdom",NA,"No","No","Yes","Sometimes","100-500","No","Yes","No","No","No","No","Don't know","Don't know","Maybe","No","No","Some of them","No","Maybe","Don't know","No",NA
2014-08-28 02:41:47,56,"Male ","United States","MA","No","Yes","Yes","Rarely","6-25","No","Yes","Yes","Yes","No","No","Don't know","Don't know","Yes","Maybe","Some of them","Some of them","No","No","Don't know","No",NA
2014-08-28 02:46:56,31,"Male","Germany",NA,"No","No","No","Sometimes","6-25","Yes","Yes","No","No","No","No","No","Very easy","No","No","Yes","Yes","Maybe","Maybe","Yes","No",NA
2014-08-28 02:49:34,34,"female","United States","CA","No","No","Yes","Sometimes","100-500","Yes","Yes","Yes","Yes","No","Don't know","Don't know","Somewhat easy","Maybe","No","Some of them","Yes","No","No","Yes","No",NA
2014-08-28 02:52:45,35,"m","Germany",NA,"No","No","Yes","Rarely","100-500","No","No","Don't know","No","Yes","Don't know","Don't know","Very easy","No","No","Some of them","Yes","No","No","Yes","No",NA
2014-08-28 02:54:44,28,"male","Germany",NA,"No","No","No","Never","26-100","No","Yes","No","No","No","No","Don't know","Somewhat easy","No","No","Some of them","Some of them","Yes","Yes","Don't know","No",NA
2014-08-28 03:05:52,36,"male","Poland",NA,"Yes","Yes","Yes","Often","6-25","No","Yes","No","No","No","No","Don't know","Somewhat easy","No","No","Some of them","Yes","Maybe","Maybe","Yes","Yes",NA
2014-08-28 03:06:14,30,"Male","United Kingdom",NA,"No","No","Yes","Often","26-100","No","Yes","No","No","No","No","Yes","Somewhat easy","No","No","Some of them","Yes","No","Maybe","Yes","No",NA
2014-08-28 03:13:10,35,"Male","United States",NA,"Yes","No","No",NA,"1-5","Yes","Yes","Yes","Not sure","No","No","Yes","Very easy","No","No","Some of them","Yes","No","No","Yes","No",NA
2014-08-28 03:13:20,49,"male","Japan",NA,"Yes","Yes","Yes","Sometimes","1-5","Yes","Yes","No","Yes","Yes","No","Don't know","Somewhat difficult","Yes","Yes","No","No","No","No","No","Yes",NA
2014-08-28 03:15:01,36,"Male","Germany",NA,"No","No","No",NA,"26-100","No","Yes","Yes","Yes","No","No","Yes","Very easy","No","No","Some of them","Yes","Maybe","Maybe","Yes","No",NA
2014-08-28 03:16:53,35,"male","Germany",NA,"No","No","No",NA,"26-100","No","Yes","No","No","No","No","Don't know","Very easy","Maybe","No","Some of them","Some of them","No","No","Don't know","No",NA
2014-08-28 03:29:19,29,"Female","Australia",NA,"No","Yes","Yes","Sometimes","More than 1000","No","No","Yes","Yes","Yes","Yes","No","Somewhat difficult","Yes","No","Some of them","Some of them","No","No","No","Yes",NA
2014-08-28 03:36:10,57,"Male","United States","CA","No","No","No","Never","26-100","No","Yes","Yes","Yes","No","Yes","Yes","Somewhat difficult","Yes","Maybe","No","No","No","Maybe","Don't know","Yes",NA
2014-08-28 03:42:58,31,"female","Belgium",NA,"No","Yes","Yes","Rarely","100-500","No","No","Yes","No","No","No","No","Don't know","Maybe","No","Some of them","No","No","No","Don't know","Yes",NA
2014-08-28 03:47:30,37,"Male","Ireland",NA,"Yes","No","No","Never","6-25","No","Yes","No","No","No","No","Don't know","Don't know","Yes","Maybe","No","No","No","Maybe","Don't know","No",NA
2014-08-28 03:49:56,25,"Male","Ireland",NA,"No","Yes","Yes","Sometimes","26-100","No","Yes","No","No","No","No","Don't know","Don't know","Maybe","No","Some of them","Some of them","No","Maybe","No","No",NA
2014-08-28 03:52:05,30,"Male","Australia",NA,"No","No","No","Sometimes","26-100","No","Yes","No","No","No","No","Don't know","Very easy","No","No","Some of them","Some of them","No","No","Don't know","No",NA
2014-08-28 04:00:30,26,"F","Australia",NA,"No","Yes","No","Sometimes","100-500","No","No","No","Yes","Yes","Yes","Don't know","Somewhat easy","No","No","Yes","Yes","No","No","Don't know","No","Majority of qs on survey not relevant if you are self employed"
2014-08-28 04:02:47,22,"Female","Netherlands",NA,"No","No","No","Often","6-25","No","Yes","No","No","No","No","Don't know","Don't know","No","No","No","Some of them","No","Yes","Don't know","No",NA
2014-08-28 04:07:34,39,"M","United States","FL","No","No","No","Rarely","More than 1000","Yes","No","Don't know","No","Yes","Yes","Don't know","Don't know","No","No","Some of them","Some of them","No","Maybe","Don't know","No","I mostly suffer from social anxiety which keeps me from attending conferences. In my small dev group a big problem is a supervisor who's a workaholic and will never say no when asked to do something so he's doing the job of at least two ppl (poorly) and working crazy hours setting the tone for the test of us that work/life balance isn't important."
2014-08-28 04:09:14,29,"Male","United Kingdom",NA,"No","Yes","Yes","Never","100-500","No","Yes","Don't know","Not sure","Don't know","Don't know","Don't know","Don't know","Maybe","Maybe","No","No","No","No","No","No",NA
2014-08-28 04:11:27,54,"male","United Kingdom",NA,"Yes","Yes","Yes","Sometimes","1-5","Yes","Yes","Don't know","Not sure","No","No","Don't know","Very easy","No","No","Some of them","Yes","Yes","Yes","Don't know","Yes",NA
2014-08-28 04:16:30,34,"Female","Australia",NA,"No","Yes","No","Never","500-1000","No","No","Don't know","No","Yes","Yes","Don't know","Don't know","Yes","Maybe","No","No","No","No","Don't know","Yes","I don't have any mental health issues but for a number of years I had to care for a family member who did and I felt that I was not able to discuss or get support from friends or colleagues in the same way that I might have if they had suffered from a physical condition."
2014-08-28 04:23:01,32,"M","United States","WA","No","No","Yes","Never","500-1000","No","No","Yes","Not sure","Yes","Yes","Don't know","Very easy","Maybe","No","No","No","No","No","Yes","No",NA
2014-08-28 04:24:03,25,"Male","Nigeria",NA,"No","No","No",NA,"6-25","No","Yes","No","No","No","No","Don't know","Don't know","Maybe","No","Yes","Yes","No","Yes","Don't know","No",NA
2014-08-28 04:30:08,29,"male","Poland",NA,"No","No","No","Rarely","1-5","No","Yes","No","No","No","No","No","Somewhat difficult","No","Maybe","Some of them","No","No","No","Yes","No",NA
2014-08-28 04:34:32,32,"male","Germany",NA,"Yes","No","No","Never","1-5","Yes","Yes","No","No","No","No","Don't know","Don't know","No","No","Some of them","Yes","No","Maybe","Don't know","No",NA
2014-08-28 04:37:54,30,"M","United Kingdom",NA,"No","Yes","Yes","Sometimes","More than 1000","No","Yes","Yes","Yes","No","Don't know","Yes","Don't know","Maybe","No","Some of them","Yes","No","Yes","Yes","No",NA
2014-08-28 04:53:52,31,"male","Germany",NA,"No","No","No",NA,"6-25","No","Yes","Don't know","No","No","Don't know","Don't know","Somewhat easy","No","No","Some of them","Yes","Maybe","Maybe","Don't know","No",NA
2014-08-28 05:05:32,20,"F","Switzerland",NA,"No","No","No","Rarely","More than 1000","No","Yes","Yes","Yes","Yes","Yes","Yes","Somewhat easy","No","No","Some of them","Some of them","No","Maybe","Yes","No",NA
2014-08-28 05:12:15,27,"Male","United Kingdom",NA,"No","No","No","Never","1-5","No","Yes","Don't know","No","No","Don't know","Don't know","Don't know","No","No","Some of them","Yes","Maybe","Maybe","Don't know","No",NA
2014-08-28 05:14:28,32,"Male","United States","CA","No","No","No","Never","More than 1000","No","Yes","Don't know","Not sure","Don't know","Don't know","Don't know","Don't know","Maybe","Maybe","Some of them","Some of them","No","No","Don't know","No",NA
2014-08-28 06:02:05,26,"Male","Ireland",NA,"Yes","No","No","Never","1-5","Yes","Yes","No","No","No","No","Don't know","Somewhat difficult","Maybe","No","Some of them","Yes","Maybe","Maybe","Yes","No",NA
2014-08-28 06:05:18,30,"Male","Italy",NA,"No","No","No","Sometimes","More than 1000","No","No","Don't know","No","No","No","Yes","Very easy","No","No","Some of them","Some of them","No","No","Don't know","No",NA
2014-08-28 06:10:25,30,"Male","Ireland",NA,"No","No","Yes","Sometimes","26-100","Yes","Yes","No","No","Don't know","No","Don't know","Very difficult","Maybe","Maybe","Some of them","No","No","No","No","No",NA
2014-08-28 06:11:06,22,"male","India",NA,"Yes","No","No",NA,"1-5","Yes","Yes","Don't know","No","Don't know","Don't know","Don't know","Very easy","Maybe","Maybe","Some of them","Some of them","Maybe","Maybe","Yes","Yes",NA
2014-08-28 06:27:59,24,"male","Ireland",NA,"No","No","No",NA,"More than 1000","No","Yes","Don't know","Not sure","Don't know","Don't know","Don't know","Don't know","No","No","No","No","No","No","Don't know","No",NA
2014-08-28 06:30:18,26,"m","Netherlands",NA,"No","No","No","Never","26-100","No","Yes","No","No","No","No","Don't know","Don't know","Maybe","Maybe","No","No","No","No","Don't know","No",NA
2014-08-28 07:01:30,43,"male","France",NA,"No","No","No",NA,"100-500","No","Yes","Don't know","No","No","No","Don't know","Don't know","No","No","Some of them","Yes","Maybe","Maybe","Don't know","No",NA
2014-08-28 07:03:00,26,"Male","Russia",NA,"No","No","No","Never","26-100","No","Yes","No","Not sure","No","Don't know","Don't know","Somewhat difficult","No","No","Some of them","No","No","Maybe","Don't know","No",NA
2014-08-28 07:03:03,23,"Male","United States","NC","No","Yes","No","Sometimes","6-25","No","Yes","Don't know","Not sure","No","Don't know","Don't know","Don't know","Maybe","No","No","No","No","Maybe","Don't know","No",NA
2014-08-28 07:12:03,26,"Man","Canada",NA,"No","No","No",NA,"100-500","Yes","Yes","Yes","Not sure","Don't know","Yes","Don't know","Somewhat easy","No","No","Some of them","Some of them","No","No","Yes","No",NA
2014-08-28 08:00:40,26,"female","Israel",NA,"No","Yes","No","Never","100-500","No","Yes","Don't know","No","Don't know","Don't know","Don't know","Don't know","Maybe","No","Some of them","No","No","No","Yes","No",NA
2014-08-28 08:06:43,35,"Male","Canada",NA,"No","Yes","No","Sometimes","26-100","No","Yes","Don't know","No","No","No","Don't know","Don't know","Maybe","Maybe","Some of them","Some of them","No","No","No","No",NA
2014-08-28 08:18:06,28,"Male","United States","IL","No","No","Yes","Sometimes","26-100","Yes","No","Don't know","Not sure","No","Don't know","Don't know","Don't know","No","No","Some of them","Yes","No","Maybe","Don't know","No",NA
2014-08-28 08:23:11,22,"Male","India",NA,"No","No","No",NA,"26-100","No","Yes","No","No","No","No","Don't know","Don't know","Maybe","Maybe","Some of them","Yes","Maybe","Maybe","Don't know","No",NA
2014-08-28 08:39:49,29,"Female","United States","OH","No","Yes","Yes","Rarely","6-25","No","Yes","Don't know","No","No","No","Don't know","Don't know","Yes","No","No","No","No","No","Don't know","No",NA
2014-08-28 08:40:55,29,"Male","Germany",NA,"Yes","No","No",NA,"1-5","No","Yes","No","Yes","No","No","Yes","Very easy","No","No","Yes","Yes","Yes","Yes","Yes","No",NA
2014-08-28 08:43:23,45,"Male","United States","VA","No","No","Yes","Often","1-5","Yes","Yes","Yes","Not sure","No","Yes","Don't know","Very easy","No","No","Yes","Yes","No","Maybe","Yes","No",NA
2014-08-28 08:43:57,33,"male","Bulgaria",NA,"No","No","Yes","Rarely","26-100","Yes","Yes","No","No","No","No","Don't know","Somewhat easy","Maybe","No","Some of them","Some of them","No","Maybe","Don't know","Yes",NA
2014-08-28 08:43:58,38,"Male","United States","MN","No","No","Yes","Sometimes","More than 1000","No","No","Yes","Yes","Yes","Yes","Don't know","Don't know","No","No","Some of them","Yes","No","No","Don't know","No",NA
2014-08-28 09:02:16,19,"Trans woman","United States","MO","No","Yes","Yes","Often","26-100","No","No","Don't know","Not sure","No","No","Don't know","Somewhat difficult","Maybe","Maybe","No","No","No","Maybe","No","No",NA
2014-08-28 09:09:30,29,"female","Canada",NA,"No","No","Yes","Rarely","More than 1000","Yes","No","Yes","Yes","Yes","Don't know","Yes","Somewhat easy","No","No","No","Yes","No","Maybe","Don't know","No",NA
2014-08-28 09:16:21,21,"Female","United Kingdom",NA,"No","No","No",NA,"6-25","No","Yes","No","No","No","No","Don't know","Don't know","Yes","Maybe","Some of them","No","No","No","Don't know","No",NA
2014-08-28 09:18:13,23,"Female","India",NA,"No","Yes","Yes","Sometimes","More than 1000","No","Yes","Don't know","Not sure","No","Don't know","Don't know","Don't know","Yes","Maybe","No","No","No","No","Don't know","No",NA
2014-08-28 09:40:42,33,"female","United States","NC","No","Yes","Yes","Rarely","More than 1000","No","Yes","Yes","Yes","Yes","Yes","Yes","Somewhat easy","No","No","Some of them","Yes","No","No","Yes","No",NA
2014-08-28 09:53:42,49,"Male","United States","NY","No","Yes","Yes","Sometimes","100-500","No","Yes","Yes","Not sure","Yes","Yes","Yes","Somewhat easy","Maybe","Maybe","Some of them","Yes","No","No","Yes","No",NA
2014-08-28 09:53:57,28,"Male","United States","NM","No","No","No",NA,"26-100","Yes","Yes","Don't know","No","No","No","Don't know","Don't know","Maybe","No","Some of them","No","No","No","Don't know","No",NA
2014-08-28 09:54:21,27,"f","United Kingdom",NA,"No","No","Yes","Sometimes","6-25","Yes","Yes","Don't know","Not sure","Yes","Don't know","Yes","Very easy","No","No","Yes","Yes","Maybe","Maybe","Yes","No",NA
2014-08-28 09:54:38,23,"male","Canada",NA,"No","No","Yes","Sometimes","6-25","No","Yes","Yes","No","No","No","Don't know","Somewhat easy","Maybe","Maybe","Some of them","Some of them","No","No","Don't know","No",NA
2014-08-28 09:54:47,29,"M","Netherlands",NA,"No","No","No","Never","1-5","Yes","Yes","No","No","No","No","Yes","Somewhat easy","No","No","Yes","Yes","No","Maybe","Yes","No",NA
2014-08-28 09:54:51,30,"m","Germany",NA,"No","No","No",NA,"26-100","No","Yes","Don't know","No","No","Don't know","Yes","Somewhat easy","No","No","Some of them","No","Maybe","Maybe","Don't know","No",NA
2014-08-28 09:55:14,28,"Female","Canada",NA,"No","No","No",NA,"More than 1000","No","Yes","Yes","Not sure","Don't know","Don't know","Don't know","Somewhat easy","No","No","Some of them","Yes","No","No","Don't know","No","I am a contractor so my lack of knowledge of workplace wellness stems directly from my lack of access to that material since I am not covered by it. I am aware that mental health services are available and am aware of a colleague who has taken a leave of absence to deal with mental health issues but am otherwise uninformed."
2014-08-28 09:56:03,32,"Male","United Kingdom",NA,"No","No","No",NA,"6-25","No","Yes","No","No","No","No","Don't know","Don't know","Yes","No","No","No","No","Yes","No","No",NA
2014-08-28 09:56:04,32,"Male","United Kingdom",NA,"No","No","Yes","Sometimes","26-100","No","No","Yes","Yes","No","No","Yes","Very easy","No","No","No","Yes","No","No","Yes","No",NA
2014-08-28 09:56:10,37,"Male","France",NA,"No","No","No",NA,"100-500","No","Yes","No","No","No","No","Don't know","Somewhat easy","Maybe","Maybe","Some of them","Some of them","No","Maybe","No","No",NA
2014-08-28 09:56:21,39,"F","United States","TX","No","No","No",NA,"More than 1000","Yes","No","No","Yes","No","No","Don't know","Very difficult","Yes","Maybe","No","No","No","Maybe","No","No",NA
2014-08-28 09:56:30,31,"male","France",NA,"No","No","No",NA,"500-1000","No","Yes","Don't know","No","No","Don't know","Don't know","Don't know","Maybe","Maybe","Some of them","No","No","No","Yes","No",NA
2014-08-28 09:57:02,29,"Male","United States","SC","No","No","No",NA,"6-25","No","Yes","No","No","No","Don't know","Don't know","Somewhat difficult","Maybe","Maybe","Some of them","No","No","No","Don't know","No",NA
2014-08-28 09:57:10,30,"M","United States","FL","No","No","No",NA,"100-500","No","No","Yes","No","No","Don't know","Don't know","Don't know","Maybe","No","Some of them","Yes","No","No","Don't know","No",NA
2014-08-28 09:57:25,33,"M","United States","WA","Yes","Yes","Yes","Rarely","1-5","Yes","Yes","No","Yes","Yes","Yes","No","Very difficult","No","No","Yes","Yes","No","No","Yes","Yes",NA
2014-08-28 09:58:08,37,"male","United States","CA","No","Yes","Yes","Sometimes","100-500","No","Yes","Yes","Yes","Don't know","Don't know","Yes","Don't know","Maybe","No","Yes","Yes","No","No","Don't know","No",NA
2014-08-28 09:59:39,23,"Male","United States","OH","No","No","Yes","Often","26-100","No","No","Yes","Yes","Yes","No","Yes","Somewhat easy","No","No","Some of them","Yes","No","Maybe","Yes","No",NA
2014-08-28 09:59:39,43,"M","United States","TN","No","Yes","Yes","Sometimes","26-100","No","No","Yes","Not sure","No","Yes","Don't know","Somewhat easy","Yes","No","No","No","No","No","No","No",NA
2014-08-28 10:00:48,32,"Male","United Kingdom",NA,"No","No","Yes","Rarely","100-500","No","Yes","Don't know","No","No","No","Don't know","Don't know","Maybe","No","Yes","Yes","No","Maybe","No","Yes",NA
2014-08-28 10:01:15,26,"Male","United States","NY","No","No","No","Never","26-100","No","Yes","Don't know","Not sure","No","No","Don't know","Don't know","Yes","Yes","Some of them","No","No","No","No","No",NA
2014-08-28 10:01:31,32,"Male","United States","NY","Yes","No","Yes","Sometimes","1-5","Yes","Yes","Don't know","Not sure","Don't know","Don't know","Don't know","Very easy","No","No","Yes","Yes","Yes","Yes","Don't know","No",NA
2014-08-28 10:02:09,37,"F","United States","MO","No","No","No",NA,"26-100","Yes","Yes","Don't know","Not sure","No","Don't know","Don't know","Don't know","Yes","No","Some of them","No","No","No","Don't know","No",NA
2014-08-28 10:02:23,29,"Male","United States","NY","No","No","Yes","Often","26-100","No","Yes","Yes","Yes","No","No","Yes","Very easy","No","No","Yes","Yes","Maybe","Maybe","Yes","No",NA
2014-08-28 10:02:45,34,"Male","United Kingdom",NA,"No","No","No",NA,"6-25","No","Yes","No","No","No","No","Don't know","Somewhat easy","Maybe","Maybe","Some of them","Yes","No","Maybe","Don't know","No",NA
2014-08-28 10:04:34,27,"male","France",NA,"No","No","No",NA,"6-25","No","Yes","Don't know","Not sure","Don't know","Don't know","Don't know","Don't know","No","No","Yes","Yes","No","No","Yes","No",NA
2014-08-28 10:04:41,30,"male","United States","TN","No","Yes","No","Never","100-500","No","Yes","Don't know","No","No","Don't know","Don't know","Very easy","No","No","Some of them","Yes","No","Maybe","Don't know","No",NA
2014-08-28 10:05:43,29,"Male","United States","CO","No","No","No","Never","6-25","No","Yes","Yes","Yes","No","Yes","Yes","Don't know","Maybe","No","Some of them","Some of them","No","No","No","No",NA
2014-08-28 10:07:37,32,"Male","United States","PA","Yes","Yes","Yes","Sometimes","1-5","Yes","Yes","Yes","Yes","Don't know","Don't know","Don't know","Very difficult","Yes","Maybe","Some of them","No","No","No","No","No",NA
2014-08-28 10:07:53,-1726,"male","United Kingdom",NA,"No","No","Yes","Sometimes","26-100","No","No","No","No","No","No","Don't know","Somewhat difficult","Yes","No","No","No","No","Maybe","Don't know","No",NA
2014-08-28 10:08:19,25,"Male","Germany",NA,"No","No","No",NA,"500-1000","No","Yes","Yes","Yes","Don't know","Yes","Yes","Somewhat easy","Maybe","Maybe","Some of them","Yes","Yes","Yes","Yes","No",NA
2014-08-28 10:08:34,37,"male","United States","NY","Yes","No","No",NA,"6-25","Yes","Yes","Yes","Yes","Yes","No","Yes","Somewhat easy","No","No","Yes","Yes","Maybe","Maybe","Yes","No",NA
2014-08-28 10:10:29,29,"Male","Netherlands",NA,"No","Yes","No",NA,"6-25","No","Yes","No","No","No","No","Don't know","Very easy","No","No","Some of them","Yes","No","Maybe","Yes","No",NA
2014-08-28 10:11:52,27,"Man","United States","MN","No","No","No",NA,"26-100","No","Yes","Yes","Not sure","No","Don't know","Don't know","Don't know","No","No","Yes","Yes","No","No","Don't know","No",NA
2014-08-28 10:13:44,33,"Male","United Kingdom",NA,"No","No","No",NA,"6-25","No","Yes","Don't know","No","No","No","Don't know","Don't know","Maybe","No","Some of them","Some of them","No","Maybe","Don't know","No",NA
2014-08-28 10:15:52,30,"male","Canada",NA,"No","Yes","Yes","Sometimes","More than 1000","No","No","Don't know","No","No","No","No","Very difficult","Yes","No","Some of them","No","No","Yes","No","Yes",NA
2014-08-28 10:16:55,29,"male","Canada",NA,"No","No","No",NA,"1-5","Yes","Yes","No","Yes","No","No","Don't know","Somewhat difficult","Maybe","Maybe","Yes","Yes","No","Maybe","Don't know","No",NA
2014-08-28 10:17:19,25,"Male","United States","MO","No","Yes","Yes","Never","6-25","Yes","Yes","Don't know","No","Yes","Don't know","Don't know","Don't know","Yes","No","Some of them","Yes","No","No","No","No",NA
2014-08-28 10:18:34,33,"Male","United States","WY","No","Yes","Yes","Sometimes","1-5","No","No","No","Yes","No","No","Don't know","Don't know","No","No","Some of them","Yes","Maybe","Maybe","Don't know","No",NA
2014-08-28 10:18:46,31,"Male","South Africa",NA,"No","No","No","Never","100-500","Yes","Yes","No","No","No","No","No","Don't know","No","No","Some of them","Some of them","No","Maybe","No","No","Fully remote developer"
2014-08-28 10:20:37,21,"male","Germany",NA,"No","No","No","Rarely","6-25","Yes","Yes","Don't know","No","No","No","Don't know","Very easy","Maybe","Maybe","Some of them","Some of them","No","Maybe","No","No",NA
2014-08-28 10:22:06,30,"Male","Switzerland",NA,"No","Yes","Yes","Sometimes","26-100","No","Yes","Don't know","No","No","No","No","Very difficult","Yes","Yes","No","No","No","No","No","No",NA
2014-08-28 10:24:19,29,"Male","United States","MN","No","No","No",NA,"More than 1000","No","No","Don't know","Not sure","Don't know","Don't know","Don't know","Don't know","No","No","Yes","Yes","No","No","No","No",NA
2014-08-28 10:25:39,43,"Male","Croatia",NA,"Yes","No","Yes","Sometimes","1-5","Yes","Yes","No","No","No","No","Yes","Very difficult","Yes","No","Yes","No","No","Maybe","No","Yes",NA
2014-08-28 10:29:47,37,"m","United Kingdom",NA,"No","No","Yes","Often","6-25","No","Yes","No","No","No","No","Don't know","Don't know","Yes","No","Yes","Yes","Maybe","Yes","No","No",NA
2014-08-28 10:30:04,24,"Male","France",NA,"No","No","No",NA,"26-100","No","Yes","No","No","Yes","No","Don't know","Don't know","Maybe","No","Yes","Some of them","No","No","Don't know","No",NA
2014-08-28 10:30:44,29,"Male","United States","MD","No","No","No",NA,"6-25","Yes","Yes","Don't know","Not sure","No","No","Don't know","Very easy","No","No","Yes","Yes","No","No","Don't know","No",NA
2014-08-28 10:34:01,31,"Male","United States","KY","No","No","No",NA,"26-100","No","No","Yes","Yes","Yes","Yes","Yes","Don't know","No","No","Yes","Yes","No","No","Don't know","No",NA
2014-08-28 10:35:55,5,"Male","United States","OH","No","No","No",NA,"100-500","No","Yes","Don't know","Not sure","No","No","Don't know","Somewhat easy","No","No","Yes","Yes","No","No","Yes","No","We had a developer suffer from depression and pretty hard burnout but he refused treatment even when the company said we'd foot the bill. Eventually he had to be asked to resign which was a shame. I don't know if we have any specific programs for mental health but we're definitely on the lookout for those types of issues."
2014-08-28 10:42:09,33,"Male","United Kingdom",NA,"Yes","No","No","Never","100-500","No","No","No","Not sure","No","No","Don't know","Very easy","No","No","Yes","Some of them","No","Yes","No","No",NA
2014-08-28 10:45:21,43,"male","United States","NY","No","No","No",NA,"More than 1000","No","No","Yes","Yes","Don't know","Yes","Yes","Don't know","No","No","Some of them","Yes","No","Maybe","Don't know","No",NA
2014-08-28 10:47:12,33,"Male","United Kingdom",NA,"No","No","Yes","Sometimes","26-100","No","Yes","Don't know","Not sure","No","No","Don't know","Don't know","Maybe","No","Some of them","No","No","Maybe","Don't know","No",NA
2014-08-28 10:51:08,27,"Male","United Kingdom",NA,"No","No","No",NA,"6-25","No","Yes","No","No","No","Yes","Yes","Don't know","Maybe","No","Yes","Some of them","No","Yes","Yes","No",NA
2014-08-28 10:52:33,36,"Male","United States","TN","No","Yes","Yes","Sometimes","More than 1000","Yes","No","Don't know","No","Don't know","Don't know","Don't know","Don't know","Yes","Maybe","No","No","No","Maybe","Don't know","No",NA
2014-08-28 10:54:31,37,"male","Australia",NA,"No","Yes","Yes","Sometimes","26-100","No","Yes","No","Yes","No","No","Yes","Very easy","No","No","Some of them","Yes","No","Maybe","Yes","Yes",NA
2014-08-28 10:57:23,32,"male","Belgium",NA,"No","No","No",NA,"6-25","No","Yes","No","Yes","No","No","Don't know","Very difficult","Yes","Maybe","No","No","No","No","No","No",NA
2014-08-28 11:02:41,39,"Male","United Kingdom",NA,"No","No","Yes","Sometimes","100-500","No","Yes","No","No","No","No","Don't know","Very easy","No","No","No","Some of them","No","Yes","Yes","No",NA
2014-08-28 11:04:00,31,"Male","United States","TX","No","Yes","Yes","Sometimes","26-100","No","Yes","Yes","Yes","No","Don't know","Don't know","Somewhat easy","Maybe","No","Some of them","Yes","Maybe","Yes","Don't know","No",NA
2014-08-28 11:04:17,36,"Male","United States","OH","No","No","Yes","Sometimes","100-500","Yes","Yes","Yes","Yes","No","No","Don't know","Very difficult","Maybe","Maybe","Some of them","Some of them","Maybe","Maybe","Don't know","No","I am a 15 year vet of the industry and I get 2 weeks of combined sick and vacation time a year and I have children to fit into that too. I've had heart problems from the stress. Fuck everything about startup culture. "
2014-08-28 11:07:23,30,"Male","United States","TX","Yes","No","Yes","Sometimes","26-100","Yes","Yes","Don't know","Not sure","Don't know","Don't know","Don't know","Don't know","No","No","Some of them","Some of them","No","Yes","Don't know","No",NA
2014-08-28 11:09:03,28,"male","Canada",NA,"No","No","No",NA,"6-25","No","Yes","Yes","Not sure","No","Don't know","Yes","Very easy","No","No","Some of them","Yes","Maybe","Maybe","Yes","No",NA
2014-08-28 11:10:53,32,"Male","Italy",NA,"No","No","No",NA,"6-25","No","Yes","No","No","No","No","No","Somewhat difficult","Maybe","No","Some of them","No","Maybe","Maybe","No","No","Italians are somewhat behind for what concerns mental health care in the workplace.  Physical health care is very much accepted with a doctor that certifies your ailment.  Mental health is treated quite differently I believe because most people are willing to admit that physical ailments should be covered while mental ailments are almost considered non-existent in most respects.  "
2014-08-28 11:14:21,35,"Male","United States","CA","No","Yes","Yes","Rarely","6-25","No","Yes","Yes","Yes","Yes","Yes","Yes","Very easy","No","No","Some of them","Yes","No","No","Yes","No","Since I am the CEO of my startup some of the would you feel comfortable and do you know the policy questions are interesting.  Of course I feel comfortable since no one can fire me and I know the policies because I chose them!However now I am curious if my employees know just how supportive the company would be of their mental health needs and this survey is making me realize that we probably haven't done a great job communicating that to everyone.  Thanks for doing this."
2014-08-28 11:15:42,19,"Male","Canada",NA,"No","No","Yes","Sometimes","26-100","No","Yes","Don't know","Not sure","No","No","Don't know","Somewhat difficult","No","No","Some of them","Yes","No","Yes","Don't know","No",NA
2014-08-28 11:19:35,33,"m","Norway",NA,"No","Yes","No",NA,"26-100","No","Yes","Yes","Yes","No","No","Don't know","Very easy","No","No","Some of them","Yes","No","No","Don't know","No",NA
2014-08-28 11:20:14,42,"male","Germany",NA,"No","No","No",NA,"More than 1000","Yes","Yes","Don't know","Not sure","Yes","Yes","Yes","Very easy","No","No","Some of them","No","No","Maybe","Yes","No",NA
2014-08-28 11:21:17,37,"Male","United States","MI","No","Yes","Yes","Sometimes","100-500","No","Yes","Don't know","Not sure","Don't know","Don't know","Don't know","Don't know","Maybe","No","Some of them","Some of them","No","No","Don't know","No",NA
2014-08-28 11:21:48,40,"Male","Thailand",NA,"Yes","No","No","Never","6-25","No","Yes","No","No","No","No","Yes","Very easy","No","No","Some of them","Yes","Maybe","Maybe","Yes","No",NA
2014-08-28 11:22:04,36,"M","United States","CA","No","No","No","Never","More than 1000","No","Yes","Yes","Yes","Yes","Yes","Yes","Very easy","No","No","Some of them","Yes","No","No","Yes","No",NA
2014-08-28 11:26:15,29,"Female","United States","OR","No","Yes","Yes","Sometimes","26-100","Yes","No","Don't know","No","No","Don't know","Don't know","Don't know","Maybe","No","Some of them","Yes","No","Maybe","Don't know","No",NA
2014-08-28 11:27:56,38,"f","United States","NC","No","Yes","Yes","Sometimes","26-100","No","No","Yes","Not sure","No","Don't know","Don't know","Don't know","Maybe","No","No","No","No","No","Don't know","No","I work for the state so the health plan is large and cumbersome.  I believe it covers most medical as a state benefit but I haven't seen any promotion of it.  And it's not really the same as a tech company where I am.  We are an IT department but hardly run like any tech company around."
2014-08-28 11:29:20,26,"M","United States","CA","No","Yes","Yes","Sometimes","More than 1000","No","Yes","Yes","No","Yes","Don't know","Don't know","Somewhat difficult","Yes","Maybe","No","No","No","Maybe","No","No",NA
2014-08-28 11:32:37,34,"male","Germany",NA,"No","No","No","Rarely","26-100","No","Yes","No","No","No","No","Yes","Somewhat easy","Maybe","Maybe","No","Some of them","Maybe","Maybe","Yes","No",NA
2014-08-28 11:34:36,21,"Male","United States","IL","No","No","Yes","Often","More than 1000","No","No","No","Yes","No","No","No","Don't know","Yes","No","Some of them","Some of them","No","Yes","No","Yes","I have Narcolepsy and have been fired from a job before for falling asleep standing up during a meeting. I was standing up in the back of the room so that i could pace and try to prevent myself from falling asleep. I still managed to fall asleep while standing and fell over against the wall. I was fired the next day. The worst part is this is a condition i had given months of notice about to my boss and i reminded her of it before the meeting. I worked at a hospital at the time. I would have thought that they would be more accommodating."
2014-08-28 11:36:48,31,"Male","Canada",NA,"Yes","Yes","No","Sometimes","1-5","Yes","Yes","No","Yes","No","No","Yes","Somewhat easy","No","No","No","No","No","No","Yes","No","I feel like most of my answers were useless due to answering that I am self-employed early on. Since my employer is me... my employer does/doesn't offer mental health benefits or would I be comfortable bring it up with 'them' doesn't make sense..."
2014-08-28 11:38:30,37,"Female","United States","CA","No","Yes","Yes","Rarely","26-100","No","No","Yes","Yes","Yes","Yes","Don't know","Don't know","Maybe","Maybe","Yes","Some of them","No","Maybe","Yes","No",NA
2014-08-28 11:40:11,37,"Male","Ireland",NA,"No","Yes","Yes","Sometimes","1-5","No","Yes","No","No","No","No","Don't know","Very easy","No","No","Yes","Yes","Maybe","Maybe","Yes","No",NA
2014-08-28 11:44:43,38,"Male","Ireland",NA,"No","Yes","Yes","Sometimes","1-5","No","Yes","No","No","No","No","No","Very difficult","Yes","Yes","No","No","No","No","No","No",NA
2014-08-28 11:47:35,27,"Female","United States","CA","No","No","Yes","Sometimes","100-500","No","Yes","Don't know","Not sure","Yes","Don't know","Don't know","Somewhat easy","Yes","No","Some of them","No","No","Maybe","No","No",NA
2014-08-28 11:48:12,39,"Male","Netherlands",NA,"Yes","No","No",NA,"6-25","No","Yes","No","No","Yes","No","Yes","Somewhat easy","No","No","Some of them","Yes","Maybe","Maybe","Yes","No",NA
2014-08-28 11:50:06,33,"Female","United States","AZ","Yes","Yes","Yes","Sometimes","1-5","No","Yes","Yes","Yes","Yes","Yes","Yes","Somewhat easy","Maybe","Yes","Some of them","No","No","No","No","No",NA
2014-08-28 11:50:28,27,"Male","United Kingdom",NA,"No","No","No","Never","26-100","No","Yes","Don't know","Not sure","No","Don't know","Don't know","Somewhat easy","No","No","Some of them","No","Yes","Yes","Don't know","No",NA
2014-08-28 11:54:23,36,"F","United States","CA","No","No","Yes","Never","6-25","Yes","Yes","Yes","No","No","No","Don't know","Don't know","Maybe","Maybe","Some of them","Some of them","No","No","No","No",NA
2014-08-28 11:58:21,28,"Male","United Kingdom",NA,"No","No","No","Never","26-100","No","Yes","Don't know","Not sure","No","No","Don't know","Somewhat easy","No","No","Some of them","Yes","Maybe","Yes","Don't know","No",NA
2014-08-28 11:59:23,39,"male","United Kingdom",NA,"No","No","Yes","Sometimes","500-1000","No","No","Don't know","No","No","No","Don't know","Don't know","Maybe","Maybe","Some of them","Some of them","No","No","Don't know","No",NA
2014-08-28 12:02:59,33,"Male","United States","VA","Yes","Yes","Yes","Sometimes","1-5","Yes","Yes","No","Yes","No","No","Yes","Very easy","Maybe","Maybe","Yes","Yes","No","No","Yes","No","My current work situation was constructed in part because of my mental health issues. One of the reasons I'm self employed is to give me the most flexibility for coping with my mental health issues.I have been removed from a client project in the past because of a mental health condition. This was while I was an employee for a large consulting company. "
2014-08-28 12:05:41,32,"Male","United Kingdom",NA,"No","No","No",NA,"More than 1000","No","No","Don't know","Not sure","No","Don't know","Don't know","Don't know","Maybe","No","Some of them","Some of them","No","Yes","Don't know","No",NA
2014-08-28 12:06:55,28,"Male","United Kingdom",NA,"No","No","No",NA,"More than 1000","No","No","Don't know","Not sure","No","Don't know","Don't know","Don't know","No","No","Some of them","Some of them","Yes","Yes","No","No",NA
2014-08-28 12:07:28,37,"Male","United Kingdom",NA,"No","Yes","Yes","Rarely","6-25","No","Yes","No","No","No","No","Yes","Somewhat easy","Yes","No","Some of them","Yes","No","Maybe","No","Yes","Some of these questions are not really suitable for non US people."
2014-08-28 12:08:30,39,"Male","Canada",NA,"No","No","Yes","Sometimes","100-500","No","No","Yes","Yes","Yes","Yes","Yes","Very easy","Yes","No","Some of them","Yes","No","Maybe","No","Yes",NA
2014-08-28 12:09:18,43,"msle","United States","VA","No","No","No","Sometimes","6-25","Yes","Yes","Don't know","No","No","Don't know","Don't know","Don't know","Maybe","No","No","No","No","Maybe","No","No",NA
2014-08-28 12:10:08,32,"Neuter","United Kingdom",NA,"No","No","Yes","Sometimes","More than 1000","No","No","Don't know","No","Yes","Yes","Don't know","Don't know","No","No","Yes","Some of them","Yes","Yes","Yes","Yes",NA
2014-08-28 12:10:42,27,"Female","United States","WA","No","No","No",NA,"More than 1000","No","Yes","Don't know","Not sure","No","Yes","Don't know","Don't know","Maybe","No","Some of them","Yes","No","No","Don't know","No",NA
2014-08-28 12:12:49,31,"Female","United Kingdom",NA,"No","No","No",NA,"6-25","No","Yes","Don't know","No","No","No","Don't know","Don't know","No","No","Yes","Yes","Maybe","Maybe","Don't know","No",NA
2014-08-28 12:15:08,43,"Male","United Kingdom",NA,"No","No","Yes","Never","26-100","No","Yes","Don't know","No","No","Don't know","Don't know","Don't know","No","No","Yes","Yes","Yes","Yes","Don't know","No",NA
2014-08-28 12:19:34,33,"Male","United States","WI","No","No","Yes","Sometimes","6-25","Yes","Yes","No","Yes","No","No","Yes","Somewhat difficult","No","No","Yes","Yes","Yes","Yes","Don't know","No",NA
2014-08-28 12:19:42,34,"male","United Kingdom",NA,"No","Yes","Yes","Sometimes","More than 1000","No","Yes","Don't know","Not sure","Don't know","Don't know","Yes","Very easy","No","No","Some of them","Yes","No","Maybe","Yes","No",NA
2014-08-28 12:22:14,33,"M","United States","CA","Yes","No","No",NA,"1-5","No","Yes","Don't know","No","No","No","Don't know","Don't know","No","No","Yes","Yes","No","Maybe","Don't know","No",NA
2014-08-28 12:23:37,25,"Male","United States","CA","No","No","No",NA,"6-25","No","Yes","Don't know","No","No","No","Don't know","Don't know","No","No","Some of them","Yes","No","No","Don't know","No",NA
2014-08-28 12:30:20,25,"Male","United States","NE","No","Yes","Yes","Sometimes","More than 1000","No","No","Yes","Yes","Yes","Yes","Yes","Don't know","Maybe","No","Some of them","Some of them","No","No","No","Yes",NA
2014-08-28 12:40:46,32,"Male","United Kingdom",NA,"Yes","Yes","No",NA,"1-5","No","Yes","No","Yes","No","No","Yes","Somewhat easy","No","No","No","Yes","No","Maybe","No","No",NA
2014-08-28 12:42:12,25,"Male","United States","CO","No","Yes","Yes","Sometimes","26-100","No","Yes","Yes","Yes","Don't know","Don't know","Yes","Don't know","Maybe","No","Some of them","Some of them","No","Maybe","Don't know","No",NA
2014-08-28 12:42:30,37,"Male","Netherlands",NA,"No","No","No",NA,"100-500","Yes","No","Don't know","No","Don't know","Don't know","Don't know","Somewhat easy","Maybe","No","Yes","Yes","No","No","Don't know","No",NA
2014-08-28 12:44:55,39,"m","Switzerland",NA,"No","No","Yes","Never","More than 1000","No","Yes","Yes","Yes","Yes","Yes","Yes","Somewhat easy","No","No","Some of them","Some of them","No","Maybe","Yes","No",NA
2014-08-28 12:53:21,29,"M","United Kingdom",NA,"No","No","No","Rarely","100-500","No","Yes","Don't know","Not sure","No","No","Don't know","Somewhat easy","No","No","Some of them","Yes","No","Maybe","Don't know","Yes",NA
2014-08-28 13:01:26,33,"Male","United States","NY","No","No","Yes","Sometimes","More than 1000","No","Yes","Yes","Yes","Don't know","Don't know","Don't know","Don't know","Maybe","Maybe","Some of them","Some of them","No","No","Don't know","No",NA
2014-08-28 13:04:30,37,"female","United States","TX","No","No","Yes","Often","6-25","Yes","Yes","Don't know","Not sure","No","No","Yes","Somewhat difficult","Yes","No","Some of them","Some of them","No","Yes","No","Yes",NA
2014-08-28 13:08:36,35,"Female","United States","LA","No","No","Yes","Sometimes","100-500","No","No","Yes","No","No","No","Yes","Very difficult","Yes","Maybe","No","Some of them","No","Yes","No","Yes","I work for the state government. While things are slowly changing regarding covering mental health with state employees it's just not something that is acceptable in this kind of strict environment so I have to be careful about what I say and how I say it. I often take mental health days but have to call in with a physical illness because mental health problems are not acceptable excuses for using sick leave."
2014-08-28 13:11:05,22,"Female","United States","WA","No","Yes","Yes","Sometimes","More than 1000","No","Yes","Don't know","Not sure","Don't know","Don't know","Don't know","Very difficult","Yes","Maybe","Some of them","Some of them","No","Maybe","No","Yes",NA
2014-08-28 13:17:40,38,"Male","United States","MI","No","No","No","Never","26-100","No","Yes","Yes","Yes","No","No","Don't know","Somewhat easy","Maybe","No","Some of them","Yes","No","Maybe","No","Yes",NA
2014-08-28 13:26:17,32,"Female","United States","CA","No","Yes","Yes","Often","100-500","No","Yes","Yes","No","No","Don't know","Don't know","Don't know","Yes","No","Some of them","Yes","No","No","Don't know","No",NA
2014-08-28 13:32:37,28,"Male","Brazil",NA,"No","No","No",NA,"26-100","No","Yes","Don't know","No","No","No","Don't know","Don't know","Maybe","No","Some of them","Yes","Maybe","Yes","No","Yes",NA
2014-08-28 13:34:57,27,"Male","Switzerland",NA,"No","Yes","No",NA,"26-100","No","Yes","No","No","No","No","Don't know","Don't know","Maybe","No","Some of them","Yes","No","Yes","No","No","Thank you for your work what you do is important!"
2014-08-28 13:35:25,35,"female","United States","CA","No","No","Yes","Sometimes","100-500","Yes","Yes","Don't know","No","Don't know","Don't know","Don't know","Very easy","Maybe","No","Some of them","No","No","Maybe","Yes","No","It might be safe to talk about it where I am now but I don't know for sure and I err on the side of being over cautious. Struggle with depression and anxiety which sometimes affects my productivity but I try to make up / cover up for it instead of being open about it."
2014-08-28 13:39:12,29,"Male","United States","MD","No","No","No","Never","100-500","No","No","Yes","Yes","Yes","No","Yes","Very easy","Yes","Maybe","Yes","Yes","No","Maybe","Don't know","No",NA
2014-08-28 13:39:40,23,"Male","United States","CA","No","Yes","Yes","Sometimes","6-25","No","Yes","No","Yes","No","No","Don't know","Very easy","No","No","Some of them","Yes","Maybe","Maybe","Yes","No",NA
2014-08-28 13:40:08,39,"M","United States","CT","No","No","No",NA,"26-100","Yes","Yes","Yes","No","No","No","Don't know","Don't know","Yes","Maybe","No","No","No","No","Don't know","No",NA
2014-08-28 13:41:51,30,"Female","United States","CA","No","No","No",NA,"More than 1000","No","Yes","Yes","Yes","Yes","Yes","Yes","Very easy","No","No","Some of them","No","No","No","Yes","No",NA
2014-08-28 13:47:37,32,"M","United Kingdom",NA,"No","No","No",NA,"26-100","No","Yes","Don't know","Not sure","No","Don't know","Don't know","Somewhat easy","Maybe","Maybe","Some of them","Some of them","Maybe","Maybe","Don't know","No",NA
2014-08-28 13:47:57,28,"Female (trans)","United States","CA","No","No","Yes","Sometimes","26-100","No","Yes","No","Yes","No","No","Don't know","Somewhat difficult","Yes","Maybe","Some of them","Some of them","No","No","No","Yes",NA
2014-08-28 13:48:30,40,"female","United States","WA","No","Yes","Yes","Sometimes","100-500","No","No","Yes","Yes","Yes","Yes","Yes","Don't know","Maybe","No","Some of them","Yes","No","No","Don't know","Yes","I'm comfortable talking about mental health with my current supervisor & my immediate at my current job but this is a first for me!"
2014-08-28 13:54:47,36,"f","United States","CA","No","Yes","No",NA,"6-25","No","Yes","Don't know","No","No","Don't know","Don't know","Don't know","No","No","No","Some of them","No","Maybe","Yes","No",NA
2014-08-28 13:57:01,27,"Male","United States","IN","No","No","No",NA,"26-100","Yes","Yes","Don't know","Not sure","No","Don't know","Don't know","Very easy","No","No","Yes","Yes","Maybe","Maybe","Yes","No",NA
2014-08-28 14:00:02,41,"Male","United States","TX","No","Yes","No","Sometimes","More than 1000","No","Yes","Yes","Yes","No","Yes","Don't know","Don't know","Maybe","No","Some of them","Some of them","No","Maybe","No","No",NA
2014-08-28 14:01:56,29,"Male","United Kingdom",NA,"No","No","No","Never","6-25","No","Yes","Don't know","No","No","No","Don't know","Don't know","Maybe","No","Some of them","No","No","Maybe","Don't know","No",NA
2014-08-28 14:02:07,29,"m","United Kingdom",NA,"No","No","Yes","Sometimes","100-500","No","Yes","No","No","No","No","Don't know","Somewhat difficult","No","No","Some of them","Some of them","No","Maybe","No","No",NA
2014-08-28 14:04:54,35,"Male","United States","MO","No","No","Yes","Often","1-5","No","No","No","No","No","No","Yes","Very difficult","Yes","No","Some of them","Some of them","No","Yes","No","Yes",NA
2014-08-28 14:12:58,28,"Male","United States","NV","No","No","Yes","Never","6-25","Yes","Yes","No","Yes","No","No","Don't know","Don't know","Maybe","Maybe","Some of them","Some of them","No","No","Don't know","No",NA
2014-08-28 14:15:02,36,"F","United Kingdom",NA,"Yes","No","No","Sometimes","1-5","Yes","Yes","Don't know","Not sure","Don't know","Don't know","Don't know","Don't know","Maybe","No","Some of them","No","No","No","Don't know","No",NA
2014-08-28 14:31:00,39,"Female","United States","WA","No","No","No","Sometimes","26-100","No","Yes","Don't know","Not sure","No","Don't know","Don't know","Don't know","Yes","No","No","No","No","Yes","Don't know","No",NA
2014-08-28 14:38:50,39,"Male","United States","FL","No","Yes","Yes","Sometimes","500-1000","No","Yes","Yes","Yes","Yes","Yes","Yes","Very difficult","Maybe","No","Some of them","Yes","No","No","Don't know","No",NA
2014-08-28 14:41:47,44,"male","United States",NA,"Yes","Yes","Yes","Sometimes","1-5","Yes","Yes","No","Yes","No","No","No","Very easy","Yes","Yes","Some of them","No","No","No","Yes","No",NA
2014-08-28 14:46:08,26,"queer","Germany",NA,"Yes","No","Yes","Sometimes","6-25","Yes","Yes","No","Not sure","Yes","Yes","Yes","Very easy","No","No","Some of them","Some of them","Maybe","Maybe","Yes","No",NA
2014-08-28 14:51:46,35,"Male","Denmark",NA,"Yes","Yes","Yes","Often","1-5","No","Yes","No","Yes","Yes","No","Don't know","Somewhat easy","No","No","Some of them","Some of them","Maybe","Yes","Yes","No",NA
2014-08-28 14:52:46,40,"Female","United States","WA","No","Yes","Yes","Sometimes","100-500","No","No","Yes","Not sure","Yes","Don't know","Don't know","Don't know","Yes","Maybe","Some of them","No","No","No","Don't know","No",NA
2014-08-28 14:53:02,35,"Male","Denmark",NA,"Yes","Yes","Yes","Often","1-5","No","Yes","No","Yes","Yes","No","Don't know","Somewhat easy","No","No","Some of them","Some of them","Maybe","Yes","Yes","No",NA
2014-08-28 14:53:32,38,"M","United States","IL","No","No","No","Never","More than 1000","Yes","Yes","No","Yes","No","No","No","Very difficult","Yes","Yes","No","No","No","No","Don't know","No",NA
2014-08-28 14:57:10,34,"Male","United States","FL","No","No","No",NA,"More than 1000","Yes","Yes","Don't know","Not sure","Don't know","Don't know","Don't know","Don't know","No","No","Some of them","Yes","No","Maybe","Yes","No",NA
2014-08-28 15:01:46,43,"M","United States","MA","No","No","No",NA,"More than 1000","No","Yes","Yes","No","Yes","Yes","Don't know","Don't know","No","No","Some of them","Yes","No","Maybe","Don't know","No",NA
2014-08-28 15:25:39,48,"Female (cis)","United States","CA","No","Yes","No","Often","26-100","No","Yes","Don't know","No","No","No","No","Very difficult","Yes","Yes","No","Some of them","No","No","No","Yes","None of us who are already in marginal groups in tech--the non-young the non-male the non-white--will risk our careers to admit another source of stigma: poor health."
2014-08-28 15:32:03,20,"Male","United States","WA","No","No","No","Never","26-100","No","Yes","Don't know","Not sure","Don't know","Don't know","Don't know","Don't know","No","No","Some of them","Yes","Maybe","Maybe","Yes","No",NA
2014-08-28 15:37:04,40,"M","United States","MI","Yes","No","No","Sometimes","1-5","Yes","Yes","Don't know","Not sure","No","No","Don't know","Somewhat easy","Yes","Maybe","Some of them","No","No","No","Don't know","No",NA
2014-08-28 15:40:32,29,"female","United Kingdom",NA,"No","No","Yes","Rarely","6-25","No","Yes","Don't know","No","No","No","Don't know","Don't know","Maybe","No","Some of them","No","No","Maybe","Don't know","No",NA
2014-08-28 15:43:37,35,"Male","United States","MI","No","Yes","Yes","Sometimes","1-5","No","No","No","Yes","No","No","Yes","Don't know","No","No","Some of them","Yes","No","No","Yes","No",NA
2014-08-28 15:48:12,29,"Male","United States","WI","No","Yes","No","Sometimes","More than 1000","Yes","No","Yes","Yes","No","Yes","Yes","Very easy","Maybe","No","Some of them","No","No","No","Yes","No",NA
2014-08-28 15:50:12,40,"M","United States","CA","No","No","No","Never","100-500","No","Yes","Yes","Not sure","No","Don't know","Don't know","Don't know","Maybe","No","Some of them","Some of them","No","Maybe","Don't know","No",NA
2014-08-28 15:50:44,29,"Male","Sweden",NA,"No","No","Yes","Rarely","6-25","No","Yes","No","Yes","No","No","Yes","Very easy","No","No","Some of them","Yes","No","No","Yes","No",NA
2014-08-28 15:54:35,29,"F","United States","CA","No","Yes","Yes","Rarely","100-500","No","Yes","Yes","Not sure","Don't know","No","Don't know","Don't know","No","No","Yes","Yes","No","Maybe","Don't know","No",NA
2014-08-28 15:56:47,34,"male","United States","TX","No","No","Yes","Sometimes","1-5","No","Yes","No","No","No","No","Don't know","Don't know","Yes","No","No","No","No","Yes","Don't know","No",NA
2014-08-28 16:09:35,44,"Male","United Kingdom",NA,"No","Yes","Yes","Sometimes","500-1000","No","No","Don't know","No","No","No","Don't know","Somewhat difficult","Maybe","No","Some of them","Yes","No","Maybe","No","Yes",NA
2014-08-28 16:17:09,24,"female","United States","NY","No","Yes","Yes","Often","6-25","No","Yes","Yes","Yes","No","No","Yes","Very easy","No","No","Some of them","Yes","No","Yes","No","Yes",NA
2014-08-28 16:31:00,47,"F","United States","PA","No","No","No",NA,"100-500","Yes","Yes","Don't know","No","No","Don't know","Don't know","Very difficult","Yes","Yes","No","No","No","No","No","No",NA
2014-08-28 16:42:49,43,"m","United Kingdom",NA,"No","Yes","No",NA,"More than 1000","No","No","Don't know","No","No","No","Don't know","Very easy","Maybe","No","Some of them","Yes","No","Maybe","Don't know","No",NA
2014-08-28 16:52:23,36,"M","United States","PA","No","No","No","Rarely","More than 1000","No","Yes","Yes","Yes","Yes","Yes","Yes","Somewhat difficult","No","No","Some of them","Yes","No","No","No","No",NA
